Marital status,Application mode,Application order,Course,Daytime/evening attendance,Previous qualification,Nacionality,Mother's qualification,Father's qualification,Mother's occupation,Father's occupation,Displaced,Educational special needs,Debtor,Tuition fees up to date,Gender,Scholarship holder,Age at enrollment,International,Curricular units 1st sem (credited),Curricular units 1st sem (enrolled),Curricular units 1st sem (evaluations),Curricular units 1st sem (approved),Curricular units 1st sem (grade),Curricular units 1st sem (without evaluations),Curricular units 2nd sem (credited),Curricular units 2nd sem (enrolled),Curricular units 2nd sem (evaluations),Curricular units 2nd sem (approved),Curricular units 2nd sem (grade),Curricular units 2nd sem (without evaluations),Unemployment rate,Inflation rate,GDP,Target
0,3,1,0,0,1,3,3,0,0,4,1,4,2,4,1,4,46,4,4,0,4,1,3,4,3,2,2,3,4,4,0,1,4,Dropout
1,1,1,0,0,2,1,4,2,0,2,4,0,4,4,3,3,37,1,1,1,3,2,4,0,4,2,4,1,4,3,2,4,2,Graduate
0,3,2,4,4,0,0,0,3,2,1,2,0,0,0,2,1,37,0,3,2,1,3,2,4,2,1,2,4,2,2,1,2,1,Enrolled
2,4,1,3,3,2,1,0,4,4,1,4,2,1,4,1,1,40,2,2,0,4,2,1,2,3,1,0,3,4,0,3,1,3,Dropout
3,2,2,4,0,4,0,3,1,4,3,3,0,0,3,0,3,25,3,0,0,3,2,1,2,0,2,0,2,1,0,0,4,2,Graduate
0,0,0,4,3,1,4,2,1,0,3,3,2,1,2,4,3,47,1,3,4,2,4,2,1,3,0,3,1,4,3,0,0,0,Graduate
1,1,2,1,1,4,3,4,0,0,2,0,0,1,4,4,0,29,3,3,3,3,0,1,0,3,1,2,4,4,0,1,1,0,Dropout
0,1,1,1,2,1,2,2,3,2,1,4,1,3,4,2,1,35,3,1,4,2,2,4,1,1,0,2,2,3,4,0,3,2,Enrolled
1,2,2,2,3,2,1,1,2,2,3,2,3,1,3,2,3,22,3,0,3,3,0,0,4,0,1,1,4,3,1,2,4,3,Dropout
3,2,2,4,2,4,1,2,1,4,4,2,0,1,2,1,2,36,0,3,0,4,3,0,1,3,0,3,3,2,3,4,3,2,Graduate
4,1,4,1,0,0,0,0,2,4,0,3,1,2,3,0,1,32,2,2,2,0,2,1,2,2,3,4,3,1,4,3,4,2,Graduate
1,1,2,4,2,4,1,0,0,4,0,4,3,0,0,4,2,41,0,4,2,2,2,4,2,2,4,2,4,1,0,2,2,0,Graduate
1,2,1,3,3,3,0,2,4,4,3,2,4,4,4,1,3,34,1,3,0,1,2,1,1,1,2,2,4,3,0,0,0,0,Graduate
2,2,3,4,0,0,0,2,4,3,2,1,3,3,1,1,0,40,2,1,3,3,0,0,4,4,3,1,3,1,2,4,3,0,Enrolled
2,2,0,2,3,1,1,1,0,0,3,2,3,1,0,1,1,28,1,3,4,1,3,4,3,0,2,1,0,4,3,3,1,3,Enrolled
3,4,2,0,0,3,1,1,2,3,3,4,1,2,1,3,1,23,0,1,4,2,0,1,4,3,0,4,4,2,1,2,0,0,Dropout
0,1,1,2,3,4,4,4,2,1,0,3,2,1,3,1,3,35,4,0,4,2,1,3,1,1,1,3,0,3,2,1,0,4,Enrolled
4,1,1,4,0,4,4,0,2,4,3,1,1,3,1,1,2,31,4,3,3,3,1,0,4,2,1,1,3,4,0,3,1,4,Dropout
4,2,4,4,3,4,4,4,0,4,2,2,3,0,2,1,4,23,2,2,0,1,4,0,2,3,1,0,2,3,1,1,3,2,Graduate
3,3,1,0,1,4,3,4,1,0,0,0,3,4,4,1,3,25,4,3,2,0,2,4,0,2,4,2,2,3,3,3,3,2,Dropout
4,0,3,2,3,3,2,2,1,4,0,0,1,2,2,3,2,29,3,4,4,0,1,3,2,3,4,0,1,2,4,0,2,1,Dropout
0,1,1,2,3,0,4,0,3,4,0,3,0,3,2,2,2,47,4,2,3,0,1,3,2,0,2,0,1,2,1,2,4,4,Dropout
2,4,3,4,1,3,4,4,4,3,4,1,3,3,3,3,4,34,4,4,3,0,0,2,3,2,1,2,3,3,2,3,0,3,Enrolled
3,0,0,3,2,0,0,2,4,1,1,0,3,1,2,1,1,41,3,3,4,0,3,0,1,1,3,2,4,4,4,1,0,2,Enrolled
4,3,2,1,0,2,2,3,3,3,3,0,4,2,1,2,0,27,3,2,0,3,2,2,3,1,2,1,2,0,4,3,2,2,Dropout
3,4,0,4,3,2,1,1,2,2,4,2,2,4,0,3,4,47,1,2,2,0,2,3,3,1,4,3,4,4,1,3,4,3,Graduate
3,2,2,4,2,0,3,2,0,4,3,4,1,3,0,0,3,18,0,4,2,2,4,4,1,1,4,2,0,1,1,3,4,4,Dropout
1,3,0,1,4,0,1,2,4,3,2,2,3,4,0,0,2,46,2,0,3,2,3,1,4,4,1,3,3,3,2,0,4,1,Graduate
1,2,3,0,2,0,0,4,2,0,1,2,0,0,1,1,4,42,3,4,0,3,2,1,0,3,4,2,1,3,1,2,1,3,Graduate
3,4,2,4,4,2,3,2,1,1,3,3,0,1,4,1,2,48,2,2,1,0,0,0,3,3,0,0,3,2,3,4,2,1,Graduate
1,4,2,3,0,0,4,2,2,1,3,2,4,4,1,4,1,32,1,3,2,3,2,3,3,3,4,0,1,1,4,3,1,1,Graduate
4,2,0,0,4,0,2,4,3,0,1,1,0,3,0,0,2,34,4,3,1,3,1,2,4,4,1,4,3,0,4,3,4,2,Enrolled
3,0,4,0,1,3,2,2,0,0,2,1,1,3,4,2,0,25,0,0,3,4,2,4,1,1,2,1,3,0,2,0,1,4,Enrolled
1,1,4,0,1,1,4,1,4,4,2,4,0,3,3,2,3,25,0,3,2,2,1,1,2,0,4,1,1,2,1,1,0,1,Graduate
4,1,0,4,2,4,1,0,3,1,3,0,4,3,1,4,1,27,3,2,0,1,3,1,4,1,3,2,0,0,1,4,1,3,Graduate
2,4,1,0,1,4,1,4,1,0,1,0,4,2,2,0,2,31,4,3,1,3,1,1,2,4,3,2,3,3,4,4,1,4,Graduate
2,3,0,2,1,3,4,3,1,2,0,4,0,1,2,3,0,42,0,2,4,3,3,2,0,0,0,1,2,0,4,4,3,0,Dropout
3,2,3,4,2,0,4,3,0,1,0,4,3,2,2,3,0,32,2,3,1,3,4,0,3,4,2,4,3,0,2,0,2,0,Enrolled
0,3,3,4,3,1,2,0,4,0,4,2,0,2,1,2,3,27,4,0,3,0,1,0,0,2,0,2,4,4,1,4,4,3,Dropout
4,2,1,1,0,3,1,1,1,3,1,3,4,1,3,3,1,45,3,3,3,1,3,4,2,3,0,3,2,0,0,1,2,0,Graduate
3,3,4,0,4,1,3,2,3,0,2,0,3,3,4,1,3,43,2,1,3,0,0,2,2,3,1,2,4,4,1,2,0,4,Enrolled
1,2,3,4,2,2,3,3,1,1,4,0,4,0,1,1,3,37,0,1,0,0,3,0,2,4,1,3,1,1,2,4,4,4,Enrolled
2,4,3,3,1,1,0,2,4,4,2,4,3,2,1,4,0,30,2,2,0,1,4,3,3,0,1,3,1,4,4,3,0,2,Dropout
1,0,2,3,4,3,0,1,2,2,4,4,0,4,1,3,4,48,4,2,3,4,1,2,1,2,3,0,1,1,4,1,1,4,Graduate
4,1,2,4,3,4,0,4,1,0,2,0,2,2,4,4,2,36,2,3,2,2,0,1,1,2,4,0,4,2,0,1,3,1,Dropout
3,3,1,4,0,2,1,0,1,1,3,0,1,1,3,0,1,37,3,1,4,2,3,1,3,1,2,4,1,3,0,4,4,2,Enrolled
2,1,3,3,0,1,3,1,1,0,2,2,3,2,1,3,4,31,0,3,0,2,1,2,1,1,1,0,2,2,2,3,0,1,Graduate
4,3,0,3,1,4,1,3,2,0,1,0,4,4,0,2,3,46,2,2,2,0,4,2,1,0,2,3,1,2,1,1,1,4,Enrolled
2,4,4,2,3,1,4,3,4,1,4,4,4,2,4,2,1,31,2,4,1,0,2,2,3,1,0,4,3,2,4,0,4,2,Dropout
2,4,1,3,0,1,2,0,3,3,0,1,2,0,3,0,3,25,1,1,1,0,4,1,1,3,4,0,4,1,3,4,4,3,Dropout
3,3,0,2,4,0,0,4,4,1,3,1,4,2,0,1,1,31,4,1,2,4,4,4,1,4,3,0,4,0,3,3,2,3,Enrolled
3,3,0,4,4,4,4,1,0,1,2,1,4,4,1,1,1,37,3,4,4,0,1,0,4,3,2,3,4,4,3,2,4,3,Enrolled
0,3,1,0,1,2,4,3,3,4,0,2,4,3,0,1,2,26,0,4,1,1,1,2,0,2,4,2,4,2,4,1,0,2,Graduate
0,4,1,0,3,2,2,3,2,0,4,1,3,0,2,3,0,20,2,1,2,0,3,0,0,2,2,4,0,2,4,2,3,4,Dropout
0,0,3,1,4,2,3,4,0,0,3,3,3,3,3,4,2,22,1,1,2,0,0,3,0,4,0,0,1,0,3,3,4,4,Graduate
0,0,4,2,0,1,3,3,1,1,3,3,1,2,3,0,2,49,4,1,3,3,4,0,4,0,1,3,3,2,0,0,0,2,Enrolled
1,3,3,3,4,4,4,3,1,3,3,2,2,4,2,3,4,41,3,2,2,1,1,0,0,2,0,0,3,1,3,3,1,2,Graduate
0,2,0,2,0,2,2,2,4,4,0,1,0,1,0,2,2,32,1,1,4,3,1,3,2,0,2,2,4,1,0,2,1,0,Dropout
1,0,3,1,3,2,3,0,2,3,4,4,2,0,3,4,1,41,4,0,3,3,4,3,0,3,3,1,3,0,2,3,4,0,Enrolled
2,4,3,1,1,1,0,2,2,3,2,2,1,4,1,4,3,30,0,1,4,0,3,2,3,1,2,4,1,1,3,3,3,2,Graduate
1,4,4,2,1,3,1,3,1,4,4,0,3,1,2,3,4,18,3,4,4,4,1,3,0,4,3,4,2,2,3,1,4,3,Graduate
2,4,2,3,1,2,2,4,1,4,3,2,3,0,3,2,1,24,0,0,3,1,2,3,2,1,3,3,3,2,0,3,2,4,Graduate
0,1,4,4,2,4,4,0,2,3,4,3,2,0,3,4,3,29,4,4,3,0,2,1,0,0,2,3,0,3,0,0,4,3,Enrolled
1,1,3,4,1,2,1,1,2,3,2,4,0,2,4,3,3,49,2,4,1,2,0,0,1,0,2,0,4,3,0,1,2,1,Graduate
2,4,2,4,1,1,3,1,4,3,4,1,3,1,0,2,4,38,2,3,1,2,3,4,2,3,3,4,2,0,2,0,2,1,Enrolled
0,0,0,1,0,3,3,4,1,0,3,3,3,0,2,3,2,29,2,1,3,4,4,0,3,3,2,0,2,2,3,2,2,1,Dropout
2,1,4,2,3,3,2,1,2,0,3,1,2,0,3,2,4,21,0,1,4,1,4,4,1,0,4,1,4,2,0,3,2,3,Dropout
3,2,1,1,3,4,1,2,0,0,2,1,2,2,2,0,4,18,0,1,0,1,4,3,1,3,3,4,4,4,2,4,2,0,Graduate
2,3,0,3,4,3,3,3,0,0,1,2,0,2,1,1,4,21,0,4,2,3,2,1,4,4,3,1,3,1,2,3,1,1,Dropout
0,1,2,0,1,2,2,1,0,4,4,2,0,3,4,3,3,36,2,0,3,2,4,0,1,2,2,0,4,0,4,4,4,2,Enrolled
4,1,0,1,3,0,1,2,3,1,3,3,2,3,0,3,2,34,4,1,2,2,0,0,0,4,0,2,0,0,0,1,4,4,Graduate
3,0,1,3,3,1,4,0,0,0,4,1,0,3,0,3,0,26,2,1,1,2,2,4,1,0,4,1,1,1,0,2,2,0,Graduate
1,0,1,3,3,2,4,4,2,3,2,2,1,3,1,3,3,24,4,0,2,1,1,2,1,2,2,2,2,4,0,4,2,1,Enrolled
3,2,4,3,3,2,3,0,3,1,0,3,2,1,3,0,4,24,4,0,1,0,3,0,4,0,1,4,4,3,4,3,2,4,Enrolled
0,2,4,0,0,1,2,0,1,0,0,1,4,1,4,1,3,35,4,1,3,2,1,3,0,4,4,2,3,4,0,3,4,4,Dropout
2,2,3,4,1,1,0,2,2,2,3,0,0,4,0,1,1,44,3,3,1,2,1,4,0,0,1,2,4,3,0,3,2,0,Graduate
4,2,3,2,3,2,3,1,0,2,2,0,2,4,2,4,2,46,0,1,4,4,3,0,1,3,4,0,0,3,2,2,2,3,Enrolled
0,1,0,1,0,3,0,2,1,4,2,3,4,3,1,0,0,40,4,1,4,3,3,2,3,0,3,0,4,4,0,4,3,4,Graduate
2,2,1,0,2,4,1,1,0,2,4,0,1,3,0,1,2,21,4,4,4,4,4,0,3,4,4,0,0,0,3,4,4,0,Dropout
0,2,0,3,4,2,2,3,4,4,3,4,1,1,3,1,1,37,4,2,2,0,4,4,0,3,2,0,4,2,1,2,3,1,Dropout
4,4,2,0,0,0,3,4,3,4,0,3,3,3,4,2,0,48,0,1,2,4,0,2,3,2,1,4,1,0,0,0,0,0,Graduate
2,1,2,1,4,2,4,3,1,4,2,3,4,3,0,2,3,42,3,4,0,4,3,1,0,4,0,0,3,2,2,1,3,3,Enrolled
4,1,3,2,4,0,1,1,0,1,2,1,4,1,3,0,0,21,0,2,2,2,3,0,0,1,1,4,0,0,4,2,3,1,Graduate
2,1,0,1,2,2,1,1,4,1,0,4,4,0,3,0,4,20,2,4,0,2,1,2,2,1,3,4,4,4,4,3,0,3,Dropout
3,3,2,0,2,2,1,0,3,2,4,3,1,1,1,1,1,38,0,4,3,3,4,3,0,4,3,2,2,4,1,0,3,4,Dropout
0,2,3,3,2,0,0,1,0,1,4,2,3,3,3,2,4,39,0,3,3,3,0,4,2,4,0,4,0,4,2,4,3,0,Graduate
1,2,0,3,0,4,0,0,2,0,4,3,1,1,1,2,1,41,1,0,3,4,4,2,1,1,4,0,1,2,0,1,2,2,Graduate
1,2,1,4,2,0,1,0,4,4,4,4,2,4,2,1,3,47,1,0,3,1,3,4,4,1,4,3,1,0,4,3,0,3,Dropout
0,0,2,4,3,4,3,4,1,0,3,3,4,0,1,1,3,37,3,4,2,1,0,1,0,1,3,2,2,3,4,3,2,0,Enrolled
1,0,2,2,0,4,0,1,0,1,4,0,4,0,0,4,4,42,0,0,4,3,4,4,1,4,0,4,4,0,3,3,1,2,Dropout
4,0,1,2,1,0,2,3,1,3,4,4,3,0,1,3,1,47,1,1,4,0,1,1,0,3,3,2,4,0,1,2,4,2,Dropout
1,3,3,4,2,1,4,2,2,1,3,2,3,1,4,0,1,36,0,3,1,3,4,0,0,0,1,4,4,1,3,4,3,0,Enrolled
0,2,2,4,0,0,3,0,1,4,2,4,4,4,2,0,3,38,4,3,3,4,4,0,4,0,4,4,4,0,4,0,1,1,Graduate
3,1,1,1,2,1,2,2,4,3,1,3,1,2,1,4,2,47,1,0,4,1,0,0,2,3,1,2,4,3,0,1,0,2,Enrolled
0,1,3,1,4,2,0,0,3,3,4,2,3,4,2,2,4,33,1,0,0,4,0,3,0,0,1,2,2,0,0,3,1,0,Dropout
0,4,4,3,3,1,4,3,0,4,1,2,4,4,1,3,4,44,1,3,3,0,2,0,0,3,2,1,1,1,3,2,0,0,Enrolled
2,0,3,3,4,3,1,0,3,2,0,2,2,3,3,2,1,20,0,4,0,2,3,3,2,3,4,1,2,1,0,2,0,1,Graduate
1,3,2,4,2,2,4,4,0,1,1,0,3,4,3,4,0,39,4,4,2,3,1,3,3,0,3,0,3,3,1,1,0,0,Enrolled
1,4,3,1,0,2,1,0,1,1,0,4,0,1,0,4,3,20,0,4,3,2,4,1,4,0,3,4,3,0,3,0,3,3,Enrolled
2,3,2,4,3,1,2,1,1,3,1,3,2,0,3,4,3,47,1,1,3,1,0,0,4,0,1,2,0,4,2,2,0,3,Graduate
4,1,3,4,4,1,2,4,4,3,4,0,4,4,4,0,2,33,4,4,4,0,4,3,0,2,0,3,4,4,0,2,3,1,Dropout
4,2,4,2,3,3,3,0,1,4,1,2,3,4,3,0,0,40,1,4,2,4,4,4,4,0,2,2,1,1,0,4,1,4,Dropout
2,1,3,4,3,2,2,0,2,4,2,3,3,2,4,2,0,45,3,0,1,3,4,1,3,4,2,1,0,3,2,4,1,0,Enrolled
1,1,4,3,2,1,0,2,4,2,1,1,1,2,1,1,0,28,4,2,0,1,4,0,0,4,1,2,3,4,1,0,3,3,Enrolled
4,0,2,2,3,0,0,0,0,3,0,3,4,3,1,0,2,29,3,4,3,0,1,3,2,2,2,3,0,1,3,1,1,3,Enrolled
4,1,3,1,1,4,4,4,1,1,2,1,0,2,4,3,3,20,2,4,0,4,1,3,2,4,2,2,3,1,3,3,2,0,Graduate
3,3,1,3,1,4,1,0,0,4,1,1,4,3,0,3,0,22,1,2,3,4,1,1,0,0,1,2,3,0,1,2,1,0,Enrolled
4,2,4,0,4,1,4,2,1,0,0,2,3,1,3,3,3,24,2,4,3,1,1,1,2,2,3,3,2,3,3,3,2,2,Dropout
1,0,0,1,4,3,3,3,4,1,0,1,3,0,4,4,3,41,0,2,1,4,2,1,2,1,1,1,0,4,0,3,1,1,Graduate
3,4,4,0,0,1,3,2,2,3,4,0,0,2,3,2,2,26,3,2,4,2,0,0,0,1,1,2,3,0,1,3,1,2,Dropout
3,1,3,3,2,3,0,2,0,4,0,2,2,1,2,4,3,29,2,4,0,2,3,3,1,3,4,1,1,2,0,0,0,1,Graduate
1,0,4,1,4,2,3,0,3,4,2,1,4,0,0,3,1,23,2,1,0,0,3,4,4,0,3,3,3,3,0,1,2,2,Graduate
2,0,3,0,0,0,0,3,1,0,3,4,4,1,1,3,3,39,1,4,2,2,0,4,4,3,1,2,2,1,0,1,3,1,Enrolled
0,0,2,0,4,2,1,4,4,2,0,0,4,1,4,4,1,34,4,1,2,1,3,4,1,1,4,2,0,0,2,4,0,0,Enrolled
4,3,2,1,0,0,4,4,0,1,2,4,1,1,2,3,0,39,1,4,4,0,2,1,2,4,2,4,3,4,1,3,2,1,Enrolled
2,4,1,4,2,3,3,1,4,4,3,3,0,1,4,3,1,38,1,1,4,3,0,1,4,2,0,0,4,1,0,3,0,3,Enrolled
0,0,0,3,2,1,1,2,0,2,1,0,2,2,4,2,0,42,0,4,2,4,3,1,3,1,3,3,4,1,1,2,4,4,Enrolled
1,3,2,3,4,1,3,2,2,0,0,4,4,4,4,3,1,44,3,3,2,2,4,0,1,3,4,1,3,4,4,0,0,3,Dropout
4,4,1,2,1,1,2,1,1,0,4,4,2,1,4,4,1,30,0,3,2,3,2,3,2,4,3,3,0,2,0,3,3,1,Dropout
2,2,0,1,3,1,3,0,0,1,1,2,2,0,1,4,0,37,4,2,4,4,3,4,3,2,4,4,2,3,3,0,4,1,Enrolled
0,3,1,3,4,2,1,4,3,1,4,3,2,2,1,1,2,30,2,0,2,1,2,3,1,4,2,3,1,3,4,4,3,1,Dropout
1,0,2,0,0,2,3,4,1,4,2,0,3,2,1,3,3,37,3,3,1,3,0,4,2,1,2,0,0,1,3,0,3,4,Enrolled
3,1,0,1,2,3,2,1,1,4,2,0,4,1,0,1,1,47,0,3,4,0,0,3,0,4,0,3,2,0,4,1,2,4,Dropout
3,3,2,0,4,0,3,1,4,1,3,0,4,1,1,4,4,31,0,4,2,1,0,1,2,4,2,1,3,2,2,0,1,2,Dropout
3,2,3,1,2,0,1,1,1,1,4,1,4,0,3,1,2,44,4,0,4,2,3,0,3,3,2,1,1,2,2,3,0,1,Graduate
1,4,0,0,4,0,0,3,0,4,2,0,0,4,1,3,3,32,2,4,1,3,1,4,4,4,0,0,0,1,4,3,3,2,Enrolled
0,2,1,0,2,1,1,2,2,4,4,1,1,2,4,0,2,35,2,4,0,1,2,2,1,2,3,4,3,0,4,3,4,3,Graduate
1,4,3,1,1,2,0,4,0,4,2,2,1,1,4,2,2,28,3,2,2,1,3,4,0,1,2,2,1,4,1,3,2,4,Enrolled
3,3,1,2,0,4,0,0,1,0,4,1,1,3,3,3,0,40,3,4,1,3,2,0,1,0,3,2,3,4,2,0,0,0,Dropout
1,4,2,0,4,4,4,3,3,3,3,3,1,3,2,1,4,28,1,4,3,2,4,3,2,4,0,0,4,1,1,3,0,4,Dropout
4,0,2,1,2,1,1,2,3,1,1,1,3,1,4,1,3,23,4,2,4,1,0,4,0,1,1,0,4,0,3,1,2,2,Enrolled
0,3,3,4,4,4,4,3,0,0,0,3,0,3,4,1,2,24,3,4,0,3,0,3,4,4,2,1,2,2,2,2,0,0,Dropout
4,1,3,4,0,0,0,2,0,4,2,3,0,0,1,4,0,26,4,0,3,1,1,1,1,4,3,0,1,2,1,3,1,0,Enrolled
3,2,0,2,4,0,3,1,0,3,4,3,3,4,1,3,3,19,3,2,2,0,0,0,1,3,4,1,4,2,0,4,1,0,Graduate
0,2,1,1,3,3,0,0,0,3,2,3,4,3,4,1,0,49,4,3,3,3,4,0,3,1,4,3,3,3,3,2,0,4,Graduate
4,3,4,2,2,1,1,1,4,0,2,0,3,0,3,0,3,30,1,4,2,3,2,4,2,2,1,1,2,2,2,0,0,1,Enrolled
1,1,2,0,0,3,1,4,0,2,0,3,1,3,4,3,2,33,0,0,1,1,3,3,3,0,2,1,4,4,0,1,2,0,Graduate
2,3,4,4,1,0,1,4,4,2,3,4,0,0,1,4,1,43,0,1,1,3,0,2,0,4,2,3,2,0,4,1,4,3,Enrolled
1,0,4,2,3,2,1,4,1,4,0,2,3,0,1,3,4,41,2,2,0,0,3,3,1,1,2,1,1,2,0,4,3,3,Enrolled
3,0,3,0,4,1,3,4,0,2,1,4,1,1,1,4,1,44,1,2,3,2,1,3,0,1,4,2,4,1,4,3,3,0,Graduate
2,1,1,4,4,3,4,3,0,4,1,0,1,2,3,4,1,25,0,4,4,0,0,3,4,4,1,1,4,1,4,4,4,3,Dropout
0,3,4,2,3,3,2,0,3,2,1,3,2,0,4,2,2,26,1,4,1,3,1,3,4,0,4,0,0,4,4,3,0,3,Graduate
2,1,1,0,1,0,4,0,1,0,1,1,4,3,1,2,0,39,3,2,1,3,2,3,3,4,2,1,0,2,4,3,3,3,Graduate
0,1,3,3,1,3,0,4,1,3,1,0,4,1,2,0,4,19,2,4,2,1,2,4,3,0,1,3,1,4,3,1,1,2,Enrolled
4,0,4,4,4,0,1,2,0,1,4,2,4,2,1,1,1,38,1,4,0,4,4,4,3,1,4,0,1,4,4,1,2,2,Enrolled
4,0,4,0,4,2,1,1,1,3,2,1,0,4,0,3,0,35,3,0,0,4,0,2,1,4,2,3,0,4,4,3,4,3,Enrolled
4,1,2,3,1,3,2,4,2,2,4,1,0,0,2,1,4,37,3,0,2,2,3,0,4,1,1,3,4,3,4,1,3,1,Graduate
4,1,4,2,1,0,4,2,3,3,4,3,0,0,1,3,2,29,2,0,4,1,0,0,4,4,1,2,2,2,2,1,4,3,Enrolled
4,4,0,3,1,0,0,0,1,2,0,2,0,2,0,0,4,38,4,3,1,0,2,2,3,4,0,4,1,1,1,1,0,2,Dropout
2,0,3,4,4,2,1,1,2,4,0,2,1,1,3,0,3,25,2,2,0,1,1,3,4,2,1,2,0,3,0,3,3,0,Graduate
0,1,0,1,2,3,2,0,0,1,4,1,4,4,0,3,2,49,3,2,2,1,4,1,1,3,0,3,2,4,0,3,4,3,Dropout
4,4,4,2,3,2,2,0,3,4,1,2,0,2,4,4,1,27,1,4,3,0,3,4,2,4,2,3,0,1,1,2,3,4,Graduate
4,1,4,3,1,2,0,3,3,1,3,4,4,4,4,2,3,26,0,4,0,1,1,2,1,4,0,3,3,4,3,1,3,2,Graduate
0,4,0,0,4,2,2,1,3,4,2,3,1,2,3,3,0,32,0,2,1,3,3,0,0,1,2,3,4,3,4,3,3,2,Graduate
2,1,2,1,0,3,2,3,2,4,1,3,0,1,3,4,1,46,3,4,1,2,4,3,0,0,2,3,2,0,2,1,4,2,Graduate
4,3,2,1,4,4,4,4,4,3,0,4,2,3,3,3,3,44,1,0,1,4,4,3,3,1,3,2,0,4,0,2,2,0,Dropout
2,0,0,2,2,0,1,1,3,1,4,4,3,2,0,3,2,28,2,1,3,0,3,3,0,3,0,4,2,4,1,2,2,4,Dropout
4,1,0,3,2,0,4,2,2,3,0,2,0,3,0,3,3,48,0,3,3,4,2,1,3,4,1,3,3,1,4,0,4,4,Graduate
2,2,3,4,1,2,2,0,4,4,2,1,0,2,3,3,3,38,3,0,1,3,1,2,2,1,1,4,3,1,0,3,1,4,Graduate
3,2,2,3,3,2,3,0,2,3,4,2,2,0,0,3,1,28,4,0,2,4,1,4,1,0,2,0,4,4,0,2,0,2,Graduate
4,4,1,3,4,4,0,3,2,2,3,4,1,1,4,4,3,23,0,4,2,3,0,4,4,3,0,1,0,2,0,3,4,3,Graduate
4,0,4,2,3,1,2,3,2,4,4,3,3,0,1,0,4,45,0,3,1,4,1,4,0,3,4,3,0,1,4,3,1,3,Graduate
1,4,4,2,0,0,2,3,3,2,0,3,1,4,2,2,1,34,3,1,2,2,2,3,2,4,1,3,0,0,3,1,4,4,Enrolled
1,0,0,0,3,1,4,1,0,4,1,3,2,3,3,2,4,18,4,1,4,3,2,0,1,3,4,3,1,0,1,3,0,2,Graduate
2,2,1,4,3,2,0,0,3,2,0,2,0,4,4,4,3,34,3,4,1,0,3,3,2,0,0,1,4,4,1,1,4,3,Graduate
1,2,2,2,1,0,1,2,3,2,2,4,3,3,0,4,4,19,0,3,0,0,0,3,1,1,1,4,3,1,0,1,3,1,Enrolled
2,4,2,0,0,0,0,1,3,4,3,1,1,3,2,3,2,41,3,0,4,1,1,1,0,3,4,2,4,0,3,1,4,3,Dropout
4,3,2,1,2,2,2,0,3,2,2,2,0,1,3,0,2,38,0,0,4,1,1,3,3,2,1,3,1,3,3,4,1,3,Enrolled
4,2,0,0,3,1,4,4,4,1,2,3,4,4,0,0,3,28,1,2,2,2,4,3,1,1,3,1,0,0,4,3,4,1,Dropout
3,0,0,4,0,1,3,4,4,2,1,4,2,0,0,1,4,27,3,0,4,4,3,1,1,0,3,0,3,1,1,2,2,3,Dropout
3,1,4,0,0,3,2,3,2,4,0,1,1,0,2,0,3,20,2,1,3,4,0,3,2,0,2,1,0,4,0,3,4,0,Enrolled
1,1,4,0,2,3,0,3,1,1,1,0,4,3,0,3,2,22,3,1,2,3,2,2,0,4,0,3,1,0,0,0,1,2,Enrolled
4,1,2,2,1,4,0,3,1,1,1,2,1,3,2,1,4,28,1,3,2,2,1,2,2,3,1,4,1,4,3,3,4,0,Dropout
2,2,4,4,0,4,3,0,0,1,4,0,1,3,4,4,2,41,0,0,3,3,1,2,3,4,4,4,0,3,2,4,2,0,Dropout
1,3,4,0,2,1,0,3,2,3,0,4,4,4,3,3,4,49,1,0,4,0,4,1,4,3,1,0,0,0,4,0,4,2,Dropout
3,2,2,3,4,2,0,2,0,1,4,0,2,4,0,1,1,24,1,0,2,0,4,4,2,1,1,3,2,4,3,0,0,0,Enrolled
0,0,0,0,0,1,4,2,4,3,0,3,2,2,1,3,3,43,3,1,2,4,1,2,4,4,4,0,3,0,4,1,2,3,Graduate
2,2,4,1,4,0,0,4,3,0,1,2,4,0,2,4,4,35,2,1,0,1,1,0,2,4,4,0,3,0,3,2,0,4,Dropout
0,2,0,1,4,3,1,1,0,2,3,1,2,3,4,1,4,43,2,4,2,1,4,0,1,4,3,3,4,1,3,0,2,4,Enrolled
1,2,1,0,0,3,3,0,0,3,4,3,3,4,1,3,1,26,3,2,2,0,2,3,3,4,2,4,4,1,3,4,1,0,Dropout
1,2,0,0,2,1,2,1,4,4,0,4,3,2,3,2,0,29,2,0,3,3,1,4,4,2,4,4,1,2,2,2,4,4,Graduate
0,0,3,3,4,0,3,3,2,1,4,2,0,3,4,4,1,27,2,4,2,4,3,3,4,2,1,4,3,1,1,3,4,0,Graduate
1,2,3,0,1,1,2,0,3,4,0,4,4,0,2,1,4,37,2,3,2,3,1,2,2,4,3,4,1,1,0,4,0,2,Dropout
1,3,2,2,3,1,4,3,3,1,4,4,3,4,4,2,0,23,4,0,4,1,3,0,3,3,0,4,0,2,4,2,2,1,Enrolled
4,4,3,4,4,1,0,1,2,4,3,4,1,3,4,2,2,19,1,0,2,2,4,1,2,4,3,0,3,2,3,4,1,0,Enrolled
2,0,1,3,4,0,2,4,4,2,0,2,2,1,4,1,3,44,0,4,1,1,2,4,4,2,3,2,1,0,0,0,2,1,Dropout
3,3,0,0,3,3,2,2,4,2,3,3,3,1,3,0,0,38,4,2,1,3,0,3,3,2,3,3,2,0,3,1,3,3,Dropout
4,1,0,2,2,2,4,2,0,0,3,4,3,0,1,0,2,39,0,3,0,1,0,0,2,4,1,2,2,0,1,1,0,2,Graduate
1,1,4,0,1,4,3,2,1,4,3,1,4,2,4,3,4,19,3,3,1,1,0,2,1,4,4,0,3,1,1,2,2,4,Graduate
3,0,4,3,1,0,3,0,1,0,4,3,1,2,0,1,0,18,4,3,1,1,4,2,3,3,2,3,3,4,1,1,0,0,Enrolled
1,4,4,3,4,3,3,3,4,4,2,4,3,1,4,1,1,32,1,1,3,1,4,4,1,2,0,0,4,4,3,0,3,0,Graduate
2,2,0,1,0,1,0,2,2,2,1,2,1,0,4,2,3,31,0,2,3,4,1,3,3,4,2,3,3,1,0,4,2,3,Dropout
1,0,0,1,0,2,4,3,2,0,2,4,2,1,3,2,1,43,4,0,0,0,2,2,4,0,1,1,4,3,1,1,2,2,Dropout
0,2,4,0,4,4,2,2,1,1,2,4,2,3,3,2,1,28,3,2,3,1,2,0,3,4,2,0,2,0,4,0,0,1,Enrolled
0,2,0,4,0,4,3,1,2,2,4,0,2,4,3,4,3,44,0,2,2,1,1,3,1,2,2,0,2,1,2,4,3,2,Enrolled
0,1,1,2,1,0,3,4,2,3,2,0,0,2,3,0,1,20,1,2,0,4,2,0,2,0,0,1,2,3,2,0,1,3,Enrolled
0,4,4,1,1,1,3,3,3,2,2,3,4,4,4,3,4,44,1,2,2,4,2,2,4,0,3,4,0,0,2,2,4,1,Dropout
3,2,3,1,3,1,1,0,2,2,4,0,2,0,4,3,1,49,0,2,4,2,1,0,1,0,4,1,3,2,2,4,0,1,Enrolled
0,0,4,4,1,2,0,2,3,3,1,2,0,0,2,1,4,19,1,1,3,4,4,2,0,3,4,1,2,1,2,4,0,0,Enrolled
1,1,3,3,2,4,3,1,3,4,1,0,0,1,3,2,1,29,0,4,2,2,0,1,3,4,2,2,4,3,2,0,4,0,Graduate
4,2,2,0,1,0,1,2,1,3,2,2,4,0,2,1,4,39,3,2,4,2,1,3,0,0,0,2,4,4,3,1,2,2,Graduate
1,1,3,0,4,1,4,4,3,4,1,4,2,4,1,0,0,44,0,0,3,1,1,0,1,3,4,4,1,1,0,2,0,1,Enrolled
1,1,1,2,0,4,2,2,4,0,4,3,4,2,3,4,4,48,0,2,3,3,0,3,0,2,4,2,1,4,4,1,1,0,Dropout
1,0,0,4,0,4,3,4,0,0,3,0,4,1,1,0,3,36,0,3,0,1,0,0,1,0,4,4,0,3,0,3,3,1,Dropout
1,0,1,4,1,3,0,3,3,0,0,0,3,0,0,1,1,19,0,3,1,0,3,2,4,4,2,1,4,1,4,2,2,1,Dropout
4,3,2,4,1,2,3,4,4,3,4,3,4,3,4,2,0,46,4,3,1,2,3,2,2,0,1,2,1,1,1,2,0,4,Enrolled
0,2,1,3,0,1,0,1,4,4,1,2,0,0,4,1,1,31,1,3,2,3,3,1,2,2,2,4,3,1,4,0,1,0,Enrolled
2,1,1,4,0,3,1,1,2,1,2,2,2,2,2,2,4,40,1,2,0,4,4,0,3,2,2,4,3,1,3,0,4,0,Enrolled
3,3,2,3,1,2,0,3,4,2,1,0,4,1,4,2,1,34,2,3,1,4,1,1,4,0,1,2,3,2,1,2,2,0,Graduate
4,0,1,0,2,3,4,0,2,3,2,2,0,2,1,1,2,26,4,1,2,4,3,0,0,4,4,3,3,1,2,2,1,4,Enrolled
4,4,2,3,2,1,0,1,4,0,0,2,2,4,4,4,0,32,1,2,2,3,4,1,4,3,2,2,1,3,3,4,0,3,Graduate
4,1,0,0,0,0,2,3,1,1,3,0,1,4,3,1,2,18,4,4,1,4,0,3,0,0,3,4,0,3,3,1,4,4,Enrolled
3,4,4,2,3,3,1,3,1,4,3,0,0,0,0,0,1,22,0,3,4,4,3,2,4,2,4,3,1,2,0,0,0,3,Enrolled
1,4,0,4,2,3,0,1,1,4,4,0,1,3,2,0,4,24,0,2,2,2,1,0,2,3,4,2,3,1,0,4,3,2,Dropout
3,1,0,2,4,4,3,3,1,4,0,1,1,3,2,3,0,27,1,1,1,4,2,4,3,4,4,1,2,1,1,3,0,0,Graduate
4,3,0,4,0,1,4,3,1,3,4,0,3,1,2,0,0,38,3,0,4,3,4,4,2,0,2,0,3,0,3,2,4,3,Graduate
1,3,1,2,2,3,2,2,4,2,0,1,1,0,3,0,4,20,1,2,1,4,4,2,2,2,0,2,0,0,1,0,3,1,Enrolled
4,1,0,1,1,0,0,3,3,2,0,4,0,2,4,1,0,35,3,4,2,1,0,4,4,3,0,2,4,4,2,2,3,3,Graduate
2,2,2,1,3,3,0,1,3,1,3,2,4,0,3,1,4,19,0,0,4,2,0,4,0,1,1,0,4,2,0,4,2,3,Graduate
0,4,2,3,1,2,2,1,3,0,0,1,2,3,1,4,2,26,2,3,2,0,0,4,4,3,0,3,3,0,3,2,0,1,Enrolled
0,3,2,2,1,0,2,1,1,0,0,4,3,2,4,0,1,28,0,2,1,1,3,1,0,2,4,0,0,3,2,2,2,2,Enrolled
4,1,2,4,3,0,0,2,1,0,1,2,2,2,3,4,0,33,4,3,0,0,0,1,1,2,3,3,1,3,3,4,4,0,Enrolled
1,0,0,0,0,3,3,1,4,0,0,2,0,3,1,4,0,39,0,0,0,3,2,0,3,1,3,4,0,3,2,1,2,4,Dropout
2,0,3,3,1,3,3,3,3,1,3,2,4,1,1,0,0,31,0,1,1,0,4,1,0,1,4,3,3,2,4,4,2,2,Dropout
2,1,4,3,0,4,3,4,2,1,3,3,1,0,3,1,2,21,4,4,3,0,4,3,1,1,2,1,1,3,2,2,4,4,Dropout
1,2,3,1,0,1,0,2,1,4,3,3,1,3,3,2,4,27,0,2,4,4,0,0,3,4,2,0,4,0,4,1,3,4,Graduate
1,0,1,2,0,4,1,4,0,3,2,1,0,0,0,2,4,33,1,0,0,2,1,4,0,2,4,1,3,0,0,4,0,2,Enrolled
2,2,0,2,1,2,0,0,0,2,4,1,0,0,3,2,2,27,0,0,1,0,4,4,2,0,4,1,4,4,4,4,2,3,Enrolled
0,1,3,3,0,1,1,4,0,1,0,2,2,1,2,4,1,24,4,2,3,3,3,2,3,4,1,0,3,4,1,0,1,2,Dropout
0,1,0,1,1,4,3,3,4,2,2,4,2,2,4,2,2,48,0,2,2,3,1,0,3,2,2,3,1,2,2,4,3,4,Dropout
2,4,2,0,0,4,0,2,2,4,3,1,2,3,1,3,0,35,4,3,2,3,1,4,4,3,0,1,0,4,0,2,2,2,Enrolled
3,1,1,1,4,3,3,1,1,4,3,0,1,2,2,3,1,37,3,2,2,4,2,1,3,1,0,1,4,2,3,0,1,1,Enrolled
2,2,3,2,1,4,0,1,4,1,3,0,0,4,2,4,3,47,4,2,1,1,0,4,4,3,2,3,1,1,2,1,4,3,Enrolled
4,3,4,0,4,3,3,4,3,0,0,1,3,3,1,1,1,34,2,0,4,4,3,4,1,0,3,1,4,4,2,0,2,3,Dropout
3,0,2,3,0,0,2,4,3,3,2,4,1,0,4,0,2,28,1,3,1,4,1,2,3,4,4,2,2,2,4,3,0,4,Enrolled
1,0,2,0,1,1,0,4,1,2,2,0,3,3,0,4,0,21,0,3,3,0,1,4,0,3,1,0,1,0,4,1,3,3,Dropout
2,4,1,3,3,3,1,3,1,2,1,2,2,2,0,2,1,40,1,4,4,2,0,3,3,0,1,3,1,4,2,3,2,4,Graduate
2,3,2,1,4,4,3,1,0,4,4,2,2,4,2,0,4,27,0,4,2,3,3,3,3,3,1,2,0,4,2,2,0,1,Enrolled
3,2,2,0,2,3,4,0,2,2,3,3,0,1,2,1,1,26,3,4,0,2,0,4,0,2,0,2,0,2,1,1,2,4,Dropout
2,2,3,4,2,0,1,3,0,0,1,3,4,3,3,2,3,28,1,4,0,1,3,4,3,3,3,3,3,1,3,1,1,1,Enrolled
4,4,2,2,3,2,4,1,2,1,0,3,4,1,0,3,1,22,0,3,0,2,0,3,4,1,3,4,0,4,1,0,3,1,Dropout
0,1,1,3,3,2,3,1,4,3,1,4,2,4,0,3,1,39,3,0,3,2,0,1,0,1,1,1,3,2,1,3,0,3,Dropout
2,3,0,0,2,0,0,1,4,3,3,2,4,2,4,4,1,24,2,4,2,1,0,0,2,2,4,1,0,1,3,3,0,3,Enrolled
0,0,1,0,1,4,0,1,2,0,1,4,4,4,3,1,0,26,0,4,0,1,2,3,3,4,4,4,0,2,0,0,4,4,Dropout
1,3,1,4,0,1,0,2,4,2,3,0,2,3,1,4,2,28,3,3,4,3,0,2,3,1,4,4,3,1,3,0,3,4,Graduate
1,4,0,1,1,1,4,1,2,0,1,2,0,0,1,1,0,43,2,1,0,3,1,3,4,3,1,4,2,3,0,0,2,3,Dropout
2,1,3,4,2,3,3,4,4,3,3,3,1,2,4,4,1,28,2,0,3,1,2,0,0,1,4,1,1,4,2,0,1,4,Graduate
1,3,4,0,4,2,2,1,3,0,2,3,4,3,1,0,4,33,2,0,0,1,0,3,3,2,2,0,3,3,1,4,2,2,Dropout
2,1,4,2,4,0,0,0,1,3,1,0,3,2,0,4,4,43,0,0,3,4,3,0,4,4,1,1,2,2,2,0,1,4,Dropout
0,3,1,0,0,4,3,2,4,2,2,2,4,2,2,0,4,25,3,1,3,3,4,1,2,2,3,0,0,3,1,0,4,2,Dropout
3,0,3,0,0,0,2,0,4,3,4,4,1,3,3,1,1,42,0,4,4,3,2,1,2,3,0,1,3,1,4,0,0,4,Enrolled
2,2,3,0,2,2,2,0,3,0,4,4,1,0,1,0,1,38,4,4,3,4,3,4,4,1,2,0,2,0,1,4,1,2,Enrolled
3,3,3,4,2,0,3,0,0,4,4,0,1,0,1,0,3,42,1,0,1,4,2,1,0,3,0,0,2,3,1,2,0,1,Graduate
0,2,3,4,0,0,0,3,3,3,1,2,1,3,1,4,3,25,3,1,2,3,3,3,3,1,2,2,1,2,1,2,0,0,Graduate
0,2,1,3,4,0,0,1,4,4,4,4,3,2,1,0,2,19,3,1,3,4,1,2,4,1,1,1,0,4,0,0,2,4,Dropout
3,2,2,3,3,3,1,1,3,4,2,3,0,2,2,2,1,45,0,3,1,3,3,3,4,0,3,0,4,3,4,1,1,4,Enrolled
2,4,4,3,3,4,3,0,3,4,2,3,1,3,2,2,1,34,4,3,1,0,1,1,4,2,2,2,2,3,0,4,1,1,Enrolled
3,0,4,0,3,1,2,1,3,0,4,4,1,3,4,1,4,47,3,4,0,3,3,2,1,0,1,1,3,0,3,0,0,3,Graduate
2,2,0,3,4,4,4,3,2,0,4,2,3,4,0,2,3,46,4,4,4,4,2,1,2,3,3,0,0,2,3,4,1,3,Graduate
2,0,1,3,1,2,4,1,3,2,0,4,4,0,1,4,0,37,1,4,0,1,4,0,1,3,0,2,4,3,4,4,3,3,Enrolled
3,3,4,1,1,1,0,1,3,3,0,0,4,2,4,0,3,45,3,0,4,2,2,3,4,4,2,4,4,4,3,2,4,1,Enrolled
0,0,1,4,4,3,1,0,4,1,1,2,3,2,0,0,2,19,4,0,0,2,1,2,2,1,1,0,4,1,2,3,3,0,Dropout
4,1,1,3,1,1,4,2,2,4,0,4,4,2,2,1,0,36,4,3,0,2,3,4,3,0,2,2,2,4,0,3,2,3,Dropout
1,2,3,4,3,1,0,2,0,3,2,3,2,2,1,0,4,30,4,4,1,2,3,2,3,4,4,0,1,3,1,3,2,3,Graduate
4,3,0,2,4,1,1,1,2,4,2,2,0,3,2,0,3,40,4,4,2,1,3,2,1,0,2,1,4,3,2,0,3,4,Enrolled
0,2,1,1,0,0,4,0,2,2,1,1,4,0,1,0,1,27,0,3,1,2,4,2,1,3,3,2,4,0,1,3,4,1,Dropout
1,2,4,2,4,2,2,2,2,0,1,2,3,4,2,1,2,31,3,0,0,0,2,4,2,4,4,1,3,2,3,0,1,1,Graduate
3,3,4,4,2,3,4,2,4,1,3,3,2,3,4,2,2,22,0,0,2,4,2,2,3,2,3,2,4,0,0,1,4,2,Graduate
4,3,0,4,3,2,4,4,1,0,0,2,0,2,4,2,0,20,4,3,0,3,3,3,1,4,0,0,0,4,3,2,4,4,Enrolled
2,4,1,2,3,0,4,2,4,2,3,0,1,0,2,3,0,19,2,1,0,1,3,2,4,1,4,1,1,2,0,1,1,2,Dropout
0,4,3,3,2,3,4,3,4,2,4,3,4,0,2,4,2,26,3,2,2,2,3,1,4,3,4,3,1,0,1,0,1,2,Dropout
0,4,0,1,3,0,0,4,0,4,2,3,0,1,3,3,3,24,0,2,1,2,2,2,1,2,3,3,4,3,1,1,1,0,Graduate
0,0,1,4,2,3,3,0,0,0,1,0,0,3,1,1,1,42,4,3,3,2,4,2,0,3,1,3,2,2,1,3,1,3,Enrolled
4,1,0,0,2,3,2,4,0,0,4,1,1,0,3,1,4,21,4,1,0,4,3,4,1,1,2,3,2,1,4,1,0,1,Enrolled
2,1,3,1,3,4,3,2,1,1,3,2,0,3,2,2,1,20,3,3,3,1,3,0,0,3,0,2,4,1,3,4,3,2,Graduate
4,0,2,2,4,0,0,4,2,3,4,0,4,0,4,0,3,31,1,4,1,0,4,4,3,2,0,1,4,4,4,4,0,4,Enrolled
2,4,2,4,2,2,4,0,1,2,4,2,2,0,1,3,0,47,3,1,3,3,4,4,1,4,1,2,2,0,2,2,3,1,Graduate
1,1,2,4,0,0,1,1,2,4,1,2,4,4,4,1,4,27,0,4,1,0,3,2,3,4,3,1,4,4,4,1,3,3,Enrolled
3,4,3,2,2,0,1,3,1,1,0,1,3,1,2,4,1,36,1,3,3,0,1,0,1,4,0,3,3,1,1,0,3,1,Dropout
0,3,3,0,0,0,3,1,4,0,1,2,0,3,3,3,1,36,3,0,3,2,4,4,1,2,2,4,3,3,0,2,4,0,Enrolled
2,0,0,0,4,4,1,0,4,4,1,0,1,2,1,4,4,34,3,4,0,1,4,1,4,4,1,0,4,3,3,3,3,3,Enrolled
4,4,4,4,2,4,3,1,2,2,0,2,3,4,3,4,2,27,3,0,2,2,2,0,4,0,4,3,2,3,3,3,1,3,Dropout
4,0,3,3,2,4,2,3,2,2,0,2,0,2,1,2,4,49,2,0,2,3,0,4,0,0,2,3,3,3,3,4,4,1,Dropout
0,2,3,0,2,4,1,0,2,3,1,1,0,4,4,2,1,41,3,3,1,1,3,2,3,4,3,4,2,3,2,2,4,4,Graduate
0,0,2,0,0,0,4,1,3,0,0,2,2,0,0,4,4,24,0,3,0,0,0,1,2,1,3,2,4,1,3,3,0,2,Enrolled
0,0,2,3,4,2,0,3,0,2,2,3,1,1,1,3,1,37,4,2,3,2,0,0,0,2,1,2,4,2,2,1,2,2,Enrolled
1,4,2,0,3,1,2,4,3,4,4,4,4,3,2,2,3,19,0,4,1,0,3,1,1,1,4,1,4,3,1,2,4,2,Graduate
3,0,4,3,1,0,1,1,3,4,4,3,0,0,1,3,2,48,3,0,2,3,2,3,1,3,4,0,3,2,0,1,1,1,Dropout
2,2,2,2,2,2,1,4,4,4,3,1,3,2,2,2,4,24,1,4,3,4,4,4,4,1,1,1,1,3,1,1,4,4,Enrolled
0,3,2,1,2,1,3,2,4,0,1,2,1,1,0,0,3,25,2,4,0,3,2,2,0,1,1,3,1,4,4,1,0,1,Graduate
2,1,4,1,2,1,2,4,2,0,4,0,4,2,0,1,3,32,2,3,1,1,2,3,1,1,1,2,1,0,3,2,4,2,Graduate
4,3,2,2,3,4,0,4,4,2,4,2,3,3,4,0,2,34,2,4,4,4,3,2,3,4,4,3,3,2,4,2,2,2,Enrolled
3,0,0,0,4,1,0,2,2,3,4,2,1,2,4,0,0,45,1,2,0,0,1,4,2,3,3,3,2,0,2,4,3,2,Graduate
3,2,0,1,0,2,3,0,3,3,0,1,2,1,0,1,4,31,1,1,1,4,4,3,2,3,3,2,1,1,1,2,4,4,Graduate
2,2,1,2,3,4,3,2,0,3,0,2,3,3,1,2,2,25,1,0,3,2,4,0,3,4,2,3,1,4,3,0,0,0,Graduate
4,3,0,1,4,0,3,4,4,1,4,0,1,0,1,2,2,32,1,1,1,0,3,3,0,0,3,3,0,3,2,2,2,2,Graduate
4,4,4,0,1,0,1,0,3,0,2,0,4,0,4,0,1,48,0,1,0,4,1,0,0,0,1,0,4,3,1,4,3,2,Enrolled
1,1,2,3,4,4,2,1,2,0,0,4,0,1,1,2,2,29,4,0,2,3,1,0,2,3,2,1,1,1,1,2,4,4,Dropout
0,0,1,2,4,4,0,3,4,2,4,4,1,1,1,4,2,46,1,1,2,4,0,2,2,2,0,0,1,2,2,0,1,1,Graduate
4,0,3,1,0,1,4,0,0,4,3,2,3,1,1,4,4,35,4,4,0,1,0,1,3,4,4,4,2,3,0,2,4,3,Dropout
0,3,3,0,4,1,0,4,4,0,4,0,4,2,1,2,2,32,3,3,3,0,2,1,2,1,2,0,4,2,1,4,1,3,Graduate
0,2,0,1,4,2,2,1,2,3,1,2,0,0,2,4,2,23,4,2,2,4,4,0,3,2,0,1,3,3,3,0,0,4,Dropout
2,2,1,0,2,4,3,0,3,1,4,3,4,0,4,1,0,41,3,2,4,0,4,4,3,0,1,0,3,2,4,4,3,0,Enrolled
0,4,3,0,0,0,1,3,3,4,1,1,0,0,0,0,3,46,2,4,4,3,4,1,4,3,3,4,0,0,2,3,4,1,Enrolled
2,1,3,0,4,2,0,4,0,4,3,1,2,3,0,2,4,25,3,3,4,1,2,1,4,0,3,3,2,2,0,1,3,2,Enrolled
3,0,3,0,4,0,4,2,0,1,3,0,2,4,2,0,0,42,0,3,1,0,1,4,1,3,2,3,2,1,1,4,1,1,Enrolled
4,3,0,2,2,0,1,3,3,1,2,3,4,1,4,1,4,31,3,1,3,1,1,2,3,4,0,0,4,3,4,3,2,0,Dropout
2,4,0,3,0,2,0,3,1,0,4,0,0,3,2,0,3,35,2,2,3,3,4,0,3,3,3,4,2,4,0,2,0,2,Graduate
1,1,1,2,1,0,2,3,3,1,0,3,0,4,4,2,2,35,2,2,2,0,1,3,1,2,1,1,0,2,2,0,4,4,Enrolled
2,0,0,1,0,4,0,3,2,2,2,0,1,1,2,1,2,27,4,2,0,3,4,3,4,2,0,4,4,4,1,4,2,4,Graduate
0,1,0,2,3,4,4,1,4,4,2,4,1,4,1,1,1,48,4,0,4,3,1,0,3,2,0,0,2,2,1,0,0,2,Dropout
1,0,4,2,4,2,1,0,1,4,1,2,2,0,2,4,3,22,2,2,4,1,3,2,0,2,3,2,2,0,2,3,1,2,Enrolled
0,1,0,1,3,0,0,3,3,3,2,1,2,4,2,2,2,20,3,0,0,3,0,3,2,1,2,2,1,4,4,4,0,4,Enrolled
1,1,1,3,3,0,4,3,4,0,2,1,0,1,3,1,4,41,3,4,0,3,3,1,2,0,2,4,1,1,4,2,3,0,Enrolled
2,3,0,2,1,1,0,4,0,3,2,3,0,3,4,1,4,48,1,0,4,4,0,2,1,4,2,0,0,4,3,2,1,0,Dropout
0,4,0,0,4,3,0,2,3,0,1,4,3,1,1,0,1,44,0,0,0,0,1,4,4,4,3,4,1,2,1,2,0,4,Graduate
2,2,4,2,0,2,3,4,1,0,3,3,1,4,2,4,2,41,3,3,1,3,3,0,2,4,4,0,2,1,2,1,3,1,Enrolled
4,1,1,1,2,0,4,0,2,0,2,4,0,4,1,0,4,25,2,1,2,2,4,3,1,0,1,1,1,0,1,2,3,0,Enrolled
1,3,3,3,4,2,0,1,4,2,3,3,0,1,4,1,3,44,0,3,1,2,3,0,1,3,1,2,2,4,3,1,4,0,Graduate
3,2,4,2,3,1,1,2,4,1,3,0,2,0,0,1,1,41,4,2,4,4,1,4,4,4,2,3,4,1,3,4,4,0,Graduate
3,4,0,2,3,2,2,4,3,1,1,0,4,1,3,0,2,41,2,3,2,3,1,3,4,4,2,2,1,4,0,4,0,3,Enrolled
2,4,2,1,4,4,3,4,2,2,3,1,2,1,3,0,2,38,2,1,2,4,0,0,0,1,1,3,0,0,1,3,3,3,Enrolled
1,1,4,4,1,0,3,1,2,3,1,3,0,4,4,1,1,30,4,0,2,2,3,4,1,4,3,0,3,0,2,3,2,2,Dropout
1,0,4,4,0,1,3,1,0,0,2,3,1,2,3,1,0,29,3,0,3,0,1,1,1,4,0,3,2,0,0,0,3,0,Enrolled
2,4,1,2,2,4,2,2,3,2,0,0,4,4,0,4,4,24,4,4,3,3,3,4,0,3,1,1,0,0,2,4,1,3,Dropout
3,3,3,0,1,3,4,3,4,3,1,3,3,4,1,1,4,44,2,4,2,4,2,2,3,4,1,0,2,1,3,0,0,0,Dropout
4,1,3,2,0,3,1,1,0,1,0,1,2,4,2,1,1,46,3,1,3,0,1,2,4,4,0,2,2,1,4,3,0,0,Graduate
3,4,3,4,4,2,2,4,4,4,2,1,3,4,4,2,2,45,4,1,1,4,0,4,0,0,0,2,4,0,4,0,4,2,Dropout
0,1,4,2,1,0,1,4,0,0,0,3,1,0,4,3,0,18,3,3,4,0,0,1,2,1,4,4,2,2,2,3,3,4,Dropout
3,0,2,0,2,3,1,3,3,0,4,1,4,3,3,3,3,18,0,1,4,0,4,0,1,0,1,3,3,1,2,1,4,4,Enrolled
0,4,1,3,0,1,3,3,0,0,4,1,1,1,2,1,2,41,3,3,4,4,1,0,1,4,0,0,3,0,4,3,3,0,Enrolled
0,1,2,2,4,0,0,1,0,1,2,3,4,1,3,4,4,22,2,4,0,2,4,1,4,1,1,3,3,1,0,4,0,2,Dropout
4,3,3,1,0,1,1,3,2,0,3,3,3,2,3,2,1,29,4,3,1,4,0,3,3,3,0,1,0,4,4,4,1,3,Dropout
4,4,4,0,2,1,1,4,2,0,3,0,3,0,1,1,0,21,3,3,4,1,1,4,3,0,2,1,4,2,3,1,1,1,Dropout
3,0,3,2,4,1,1,1,4,1,1,0,1,2,1,2,4,24,1,4,4,3,2,2,4,3,2,4,0,0,1,1,1,2,Dropout
2,2,2,4,3,3,1,2,2,2,4,4,4,1,3,0,4,30,4,2,4,2,3,2,4,4,2,0,0,2,2,3,0,0,Dropout
3,2,3,2,3,2,3,0,3,3,1,3,3,2,0,4,2,33,4,1,4,2,1,2,3,4,1,0,3,1,0,4,4,4,Dropout
4,1,0,4,1,3,1,1,3,4,2,4,4,4,4,3,1,25,1,0,3,4,4,0,4,1,1,3,0,1,3,3,3,3,Dropout
0,4,1,1,4,3,0,2,0,3,0,3,3,4,0,2,0,32,3,4,3,3,1,0,3,3,1,4,2,4,1,3,4,2,Dropout
0,4,2,3,4,2,4,4,4,1,4,4,0,1,4,1,2,43,0,3,1,1,0,1,0,4,3,2,1,0,0,1,0,4,Graduate
2,0,0,4,1,4,4,1,3,1,3,2,3,2,2,0,3,40,2,0,1,4,0,3,1,3,2,0,2,0,2,3,4,2,Enrolled
3,2,3,2,0,1,1,1,0,3,1,3,0,4,2,4,4,42,0,1,4,3,0,4,4,3,0,0,0,3,0,3,2,1,Graduate
2,3,1,1,1,4,3,1,4,1,0,1,1,0,0,2,2,48,2,0,4,4,3,2,2,1,4,0,4,4,3,1,3,2,Enrolled
2,2,1,0,4,1,0,3,3,4,3,4,0,0,3,0,4,42,2,0,4,3,1,1,2,1,3,4,2,2,4,1,0,1,Graduate
3,4,1,2,3,4,0,3,1,0,3,2,1,1,3,2,2,27,4,1,0,2,0,3,2,4,1,1,0,0,2,2,2,3,Enrolled
1,3,4,0,0,1,1,4,0,2,2,2,0,3,2,2,1,42,2,3,2,4,0,0,3,4,2,2,4,3,1,3,4,0,Dropout
3,3,1,4,4,2,3,2,3,4,3,0,1,3,3,2,0,42,4,3,3,1,2,2,0,3,3,1,3,2,2,2,1,0,Dropout
2,0,0,1,2,2,4,1,1,1,3,2,3,2,1,4,1,42,1,2,4,3,0,4,0,0,2,3,1,1,3,1,4,1,Enrolled
1,1,2,3,3,2,2,0,0,2,3,4,2,1,2,4,4,34,2,3,0,1,4,2,4,4,0,0,0,1,1,4,0,3,Graduate
2,1,0,2,3,0,1,0,3,3,0,2,2,1,4,3,4,28,1,2,0,1,0,2,0,3,4,3,2,4,3,2,1,2,Dropout
2,0,3,1,1,1,1,0,0,0,0,2,2,4,4,2,2,38,0,4,0,4,4,4,2,3,3,3,1,1,2,0,4,2,Enrolled
2,4,4,1,4,2,1,3,2,3,3,0,0,4,3,0,2,43,4,1,3,3,3,1,0,2,4,0,3,1,0,0,0,3,Dropout
0,4,4,3,4,4,3,4,1,2,2,0,2,0,4,1,2,33,4,2,2,0,3,4,4,2,3,4,3,3,3,2,2,1,Dropout
3,1,3,4,1,0,2,1,4,0,3,3,1,0,4,2,4,32,3,1,4,1,1,4,1,0,2,3,1,2,4,0,2,1,Dropout
4,2,2,3,4,0,3,4,4,3,4,1,0,1,0,3,0,18,2,0,4,3,2,0,2,1,1,4,0,2,4,4,1,0,Enrolled
0,0,4,3,4,2,1,3,0,2,4,2,0,4,0,4,3,23,3,1,2,2,1,1,3,0,2,1,0,3,2,3,4,0,Dropout
3,2,3,3,3,3,2,1,0,0,1,1,3,4,4,3,3,24,3,1,3,1,0,1,2,0,1,2,4,2,1,4,2,3,Enrolled
0,0,3,0,0,2,0,1,2,1,4,2,1,1,2,3,3,28,1,1,0,1,3,3,4,4,1,2,4,2,0,0,4,2,Dropout
3,0,3,2,2,3,0,4,1,0,1,0,1,0,4,2,3,22,4,0,4,1,4,3,2,3,1,2,0,4,1,3,2,4,Dropout
1,1,3,3,2,2,2,0,0,2,1,4,3,4,1,2,1,19,1,3,0,2,1,0,0,0,2,2,2,0,3,0,0,1,Graduate
4,1,1,2,0,1,1,0,4,4,1,3,4,3,2,0,0,32,4,2,2,2,3,0,4,1,2,4,3,2,2,2,1,3,Graduate
1,2,2,3,2,4,3,2,1,2,1,2,3,2,1,0,3,42,4,4,4,4,4,3,4,3,4,1,4,2,0,4,1,4,Enrolled
1,4,3,4,0,3,1,2,1,4,3,4,4,0,1,3,0,25,3,1,4,0,4,3,1,4,3,4,1,2,2,3,3,3,Graduate
3,3,1,4,4,3,2,4,2,3,0,0,2,3,3,0,0,18,1,1,4,4,0,1,2,2,1,3,1,1,2,1,2,2,Enrolled
2,2,1,3,1,0,1,1,0,1,4,3,2,1,0,0,3,47,1,2,1,0,1,3,2,0,0,0,0,3,2,4,2,4,Dropout
2,0,0,1,4,3,1,3,1,0,4,1,2,1,3,1,1,41,4,2,2,1,4,4,2,3,0,3,1,4,1,1,3,1,Dropout
2,3,3,2,1,1,0,3,2,2,4,3,2,2,1,0,2,18,1,0,2,3,3,2,4,2,1,4,1,1,3,2,4,3,Graduate
2,3,1,4,0,4,4,2,4,1,1,1,3,4,3,3,2,31,2,2,0,1,1,4,0,4,3,3,0,3,3,0,1,3,Graduate
4,3,0,0,4,3,3,2,2,4,2,2,2,3,3,2,1,32,1,0,3,2,0,3,1,1,2,3,2,4,1,2,1,0,Enrolled
1,3,0,1,0,0,1,3,2,4,0,1,3,4,2,4,4,45,0,3,4,0,0,2,1,4,4,3,0,1,4,1,1,2,Enrolled
0,3,3,4,3,4,0,0,2,2,2,1,1,3,3,2,3,28,1,0,4,1,3,0,3,1,0,1,3,4,0,3,0,3,Graduate
4,2,4,1,0,3,4,4,0,4,2,3,1,1,2,3,4,22,2,1,4,0,4,3,1,1,3,1,4,2,0,2,4,1,Graduate
3,1,1,2,4,1,0,2,2,1,4,2,0,1,3,4,0,43,1,4,2,4,0,3,2,1,2,0,2,1,1,0,3,4,Graduate
4,1,4,1,1,1,1,2,4,1,2,0,1,4,3,1,2,24,2,1,4,2,0,0,3,4,1,2,2,1,2,3,1,0,Enrolled
4,0,0,0,3,4,3,3,1,1,3,3,4,4,1,3,4,39,0,0,2,2,4,3,3,0,2,4,1,0,2,3,2,4,Dropout
3,4,4,1,4,0,4,0,3,2,2,2,4,3,1,3,0,48,3,1,3,3,4,2,0,2,2,4,4,2,3,0,2,4,Graduate
0,2,4,4,4,1,1,3,0,4,2,4,2,2,4,3,0,19,4,3,3,1,4,0,1,3,2,1,4,2,1,3,4,0,Dropout
1,3,3,0,4,2,2,2,3,4,4,0,0,1,4,2,1,20,4,3,2,2,2,0,1,0,4,1,2,1,4,4,0,3,Dropout
4,1,0,2,3,2,1,3,2,3,2,1,3,3,2,4,0,23,4,4,4,3,2,1,2,0,0,0,3,1,4,3,3,2,Graduate
3,0,2,4,4,3,0,4,0,0,1,4,3,0,1,1,4,20,0,4,2,2,4,3,0,3,0,4,3,3,0,1,1,2,Dropout
3,3,1,2,1,1,1,2,4,0,0,1,3,4,4,0,0,18,0,3,4,4,4,1,4,3,4,4,1,0,0,4,3,4,Dropout
0,0,3,3,4,2,2,2,3,4,3,2,2,1,3,4,3,19,2,3,4,1,3,2,4,2,3,0,1,1,2,2,3,4,Enrolled
4,3,3,4,2,3,2,2,1,4,0,0,0,2,1,3,1,26,0,1,1,1,0,2,4,0,2,0,3,4,2,3,2,2,Graduate
3,3,2,1,0,3,1,2,4,1,1,0,1,2,3,3,3,28,3,3,2,0,1,0,3,2,1,3,4,3,1,0,0,1,Enrolled
0,1,3,2,2,3,2,2,4,2,2,3,1,0,3,3,4,47,2,0,0,3,2,1,4,0,4,0,3,1,2,4,1,1,Dropout
0,1,0,1,1,0,0,1,3,4,4,2,2,4,2,3,0,20,3,1,0,4,2,3,2,3,2,3,2,2,2,3,2,4,Dropout
3,3,3,0,1,3,2,1,1,3,0,1,4,4,1,1,4,36,3,2,3,0,4,2,4,1,2,4,0,0,3,1,2,2,Dropout
3,1,3,2,0,0,2,3,0,3,2,1,3,3,3,2,0,22,1,4,4,4,4,1,1,2,0,3,0,3,1,3,2,0,Graduate
4,2,2,2,1,2,3,1,4,4,0,1,4,0,2,4,0,46,4,4,4,0,4,0,0,2,4,2,0,4,0,3,2,3,Dropout
4,3,1,0,1,3,0,2,0,0,2,1,1,2,0,1,0,34,3,4,1,0,1,4,0,1,1,1,4,3,1,4,3,0,Enrolled
1,1,1,0,4,2,2,2,4,2,4,0,2,2,0,1,1,28,4,1,4,1,2,0,1,0,4,3,3,0,4,1,0,1,Graduate
3,0,4,0,0,1,1,2,2,3,1,0,4,0,3,1,4,18,2,3,3,4,1,0,0,1,1,2,2,0,2,3,3,1,Enrolled
2,0,0,0,2,0,2,1,4,4,0,1,1,0,3,1,1,18,4,0,2,3,0,1,0,1,2,0,2,3,0,4,0,1,Graduate
2,0,2,3,4,2,4,1,0,4,3,3,2,2,0,1,0,31,0,2,2,3,1,4,1,4,1,0,1,4,1,0,0,4,Graduate
1,4,1,2,4,3,4,0,1,1,1,4,3,0,4,1,1,47,4,4,3,0,3,3,2,0,2,0,4,3,0,3,1,4,Enrolled
3,0,2,3,2,2,0,2,3,3,4,2,0,0,2,1,1,30,0,1,1,0,2,0,3,1,1,0,2,2,2,2,3,0,Graduate
0,0,4,3,1,3,4,0,1,1,3,1,1,4,3,2,2,37,1,0,2,4,1,0,4,1,0,2,1,3,0,0,4,0,Enrolled
2,2,1,1,3,4,4,0,4,2,2,2,0,0,0,2,1,30,1,3,3,1,2,4,1,4,4,1,4,1,0,3,0,0,Enrolled
4,2,2,2,3,0,2,0,0,2,0,1,2,2,0,1,4,26,3,2,4,1,4,3,1,4,0,3,2,1,0,0,4,1,Dropout
2,4,0,2,1,1,0,2,2,3,3,3,1,1,0,3,3,38,0,4,2,4,1,0,0,4,3,1,3,4,4,2,2,3,Dropout
3,2,0,2,4,2,3,1,1,1,1,4,3,2,0,0,4,25,0,3,3,4,2,0,4,3,4,3,2,1,3,0,0,3,Dropout
2,1,4,2,2,2,2,2,2,0,3,1,3,4,0,1,4,28,4,1,1,1,1,1,3,2,4,1,4,1,1,3,0,2,Enrolled
1,0,1,0,3,4,3,1,3,1,4,1,2,0,0,4,3,20,1,4,2,0,1,1,3,4,1,2,1,3,0,2,3,2,Graduate
4,1,1,4,4,3,1,2,2,3,3,4,0,2,3,4,1,33,0,1,1,1,1,2,1,0,2,2,4,3,4,1,0,1,Dropout
1,4,0,1,3,1,4,4,3,3,0,1,4,3,2,1,3,43,2,3,0,2,3,1,2,3,1,0,0,0,0,4,4,2,Graduate
0,1,4,1,2,3,2,4,2,1,0,0,3,1,0,2,3,37,1,2,1,2,3,3,2,2,4,4,2,1,0,4,0,3,Graduate
0,1,3,0,4,3,0,2,4,4,2,3,0,2,0,4,4,38,3,4,3,4,1,2,1,3,0,2,0,1,3,3,1,4,Enrolled
0,1,0,3,0,2,4,2,2,4,3,0,0,0,0,2,4,29,3,4,4,2,1,1,2,4,2,2,3,0,4,4,1,1,Graduate
0,2,0,4,4,2,1,2,1,0,3,3,1,4,0,0,2,19,1,0,2,3,2,4,4,1,1,0,1,0,3,4,3,4,Enrolled
3,0,2,1,0,2,4,4,1,0,4,0,4,1,0,3,0,36,0,4,1,2,4,1,2,1,0,4,3,4,4,3,1,2,Enrolled
3,1,4,3,1,0,4,2,1,0,0,0,2,3,1,2,1,18,3,0,2,1,0,1,4,3,1,2,4,0,1,3,0,4,Enrolled
3,3,3,2,2,0,3,3,3,3,1,1,3,3,1,4,3,46,1,3,2,2,4,1,2,2,4,2,2,0,1,0,1,0,Enrolled
1,0,4,4,3,2,1,3,3,3,2,3,4,0,0,0,4,40,4,3,3,0,2,0,3,2,1,1,1,1,3,4,2,1,Enrolled
1,0,4,4,1,3,0,3,4,4,3,3,0,3,0,3,4,33,0,2,3,4,3,4,1,0,0,3,0,2,1,0,3,1,Enrolled
2,3,0,2,1,1,4,2,3,1,2,1,4,1,4,2,1,23,1,3,0,0,2,2,4,4,0,3,0,4,0,4,0,2,Graduate
4,4,0,1,4,1,4,0,4,2,3,3,1,3,4,3,2,28,4,2,4,2,2,0,3,1,0,1,4,4,1,4,1,3,Dropout
1,4,0,4,4,3,0,0,2,1,3,3,1,0,2,0,4,19,2,1,0,0,0,4,1,2,1,3,0,3,1,1,2,4,Dropout
2,0,2,0,0,4,0,1,0,4,4,1,0,3,1,0,3,26,3,0,3,3,4,2,3,0,4,0,4,4,1,4,1,4,Dropout
0,2,3,0,0,3,2,3,1,4,3,2,0,4,3,1,1,36,1,1,0,0,3,1,4,3,3,4,1,0,0,3,1,4,Graduate
0,4,3,0,1,1,2,4,1,4,2,4,2,1,2,1,3,49,0,2,1,3,2,0,2,0,3,2,3,4,4,4,1,4,Graduate
1,4,4,4,1,4,4,3,4,4,2,0,3,0,2,2,0,36,4,4,1,1,0,2,1,1,3,3,2,4,1,2,0,2,Enrolled
3,1,0,1,4,4,2,3,3,3,4,3,3,0,0,4,4,44,1,0,2,0,2,1,3,4,2,2,3,3,1,1,3,4,Dropout
2,1,4,3,4,1,4,1,2,0,4,4,4,4,0,1,1,30,1,1,0,2,2,0,2,0,4,1,3,3,2,0,2,0,Graduate
4,4,0,1,3,4,0,3,4,0,2,1,3,0,3,2,4,46,4,1,0,1,4,2,0,3,4,1,2,4,2,4,3,4,Enrolled
2,2,4,3,2,0,2,0,1,1,2,3,0,2,4,3,0,47,1,1,3,4,4,2,4,0,2,3,1,1,4,4,3,0,Dropout
3,1,4,4,3,2,1,4,4,1,3,4,4,0,0,0,1,18,0,3,0,4,0,0,4,3,3,1,4,0,1,0,4,4,Enrolled
3,2,2,2,2,4,1,0,0,4,0,0,3,3,1,1,3,46,3,4,2,2,2,0,2,0,3,3,0,0,1,1,2,3,Dropout
1,0,2,3,1,4,0,3,0,4,2,4,2,0,3,2,3,27,0,1,3,3,2,2,2,1,2,0,2,0,4,0,0,4,Dropout
3,2,4,3,4,0,4,2,0,2,1,2,0,1,3,0,0,32,0,1,2,0,2,3,1,2,0,3,3,3,4,4,0,1,Dropout
3,1,0,1,3,0,1,4,2,0,0,3,0,0,0,3,4,24,3,1,1,4,1,1,3,4,4,1,2,0,2,0,4,4,Graduate
4,3,4,4,2,3,2,4,0,4,1,0,3,1,3,1,1,18,1,4,3,0,1,2,0,3,3,0,1,1,0,0,4,3,Enrolled
3,2,0,1,0,1,3,1,2,1,0,0,2,4,4,1,3,49,4,1,4,1,2,0,1,1,3,0,2,0,4,4,4,4,Enrolled
0,4,1,4,2,3,4,1,4,1,2,0,2,2,0,3,3,41,4,0,2,0,4,2,1,3,2,3,0,3,2,1,4,3,Graduate
3,2,3,3,2,1,2,4,2,1,4,2,1,3,4,4,4,44,2,3,4,4,0,0,0,2,1,2,3,1,3,3,0,0,Dropout
0,2,4,2,4,0,4,4,1,2,4,4,0,2,4,2,0,35,0,3,4,3,4,1,4,3,4,2,0,4,0,1,0,2,Dropout
4,2,1,4,3,2,2,0,3,4,2,0,0,2,1,3,0,20,3,1,2,4,0,0,1,2,4,1,0,2,2,3,1,2,Dropout
1,4,4,3,1,1,0,3,0,4,0,2,3,4,0,0,0,42,4,4,3,2,3,0,4,2,4,3,0,1,4,4,3,0,Enrolled
0,2,2,2,3,1,0,4,3,4,2,3,3,0,1,0,3,47,3,4,4,4,2,3,3,3,0,2,0,3,3,4,3,4,Enrolled
1,3,3,1,1,0,0,2,4,2,0,3,2,2,1,4,3,32,4,2,3,0,2,0,2,1,1,3,2,1,3,3,3,1,Enrolled
1,4,4,1,0,4,0,3,2,4,2,1,0,3,3,3,3,44,3,2,4,0,1,4,3,0,4,2,2,1,4,4,3,1,Dropout
0,3,2,4,4,3,2,4,2,0,1,2,3,1,2,2,3,32,0,0,2,3,3,4,2,1,0,0,3,3,4,4,0,3,Dropout
2,3,2,4,2,2,1,1,3,4,2,0,2,4,0,3,3,45,2,0,0,4,1,3,1,1,0,3,4,2,3,3,0,4,Dropout
3,3,1,4,3,1,2,1,4,4,0,2,0,4,4,4,3,33,2,4,3,1,4,1,2,1,0,2,4,4,0,0,4,3,Enrolled
4,4,2,1,3,4,2,1,3,1,3,2,1,2,3,1,2,27,0,0,4,1,1,1,0,3,4,4,0,3,3,1,0,4,Dropout
1,1,1,4,1,0,3,2,1,4,4,4,0,0,1,3,1,47,1,2,0,1,0,0,0,0,4,1,1,4,4,1,0,4,Dropout
2,4,0,3,3,1,3,0,0,3,3,1,1,2,1,4,0,47,1,4,0,2,2,3,3,0,2,1,0,4,0,2,1,4,Graduate
1,2,0,0,2,4,2,3,0,2,2,2,0,1,0,4,1,41,3,2,0,1,4,3,0,2,2,3,1,0,2,4,2,1,Enrolled
2,3,0,0,1,3,0,0,2,1,0,0,2,2,3,1,4,39,0,1,2,2,3,3,3,0,1,4,1,1,1,0,4,3,Enrolled
4,2,0,4,2,0,3,0,4,2,4,1,0,0,4,4,0,40,0,1,2,1,2,4,4,1,2,0,0,2,1,0,4,0,Enrolled
2,3,4,3,1,4,3,0,4,3,2,3,3,4,1,2,0,18,3,0,2,3,4,1,4,3,4,1,3,4,1,4,1,0,Enrolled
4,3,1,3,2,4,2,1,2,1,3,2,2,3,3,4,3,34,3,2,2,4,3,4,3,0,2,3,1,4,2,1,2,2,Graduate
3,2,0,3,1,1,4,3,4,1,4,4,1,4,4,1,3,44,4,4,3,2,0,1,3,2,1,1,0,1,2,2,0,1,Graduate
2,0,2,2,4,3,3,1,4,3,2,0,0,0,3,3,4,28,2,4,4,0,0,2,3,0,4,3,0,0,3,2,4,0,Graduate
1,3,1,3,3,0,0,0,0,3,4,2,1,4,1,4,1,19,4,0,3,2,3,0,2,3,3,4,0,0,2,2,2,0,Graduate
3,0,4,1,2,0,2,4,1,0,1,4,3,2,1,4,1,46,3,2,0,4,2,2,0,1,3,2,1,2,2,3,3,3,Dropout
1,4,0,1,0,3,4,2,1,1,4,3,2,2,4,2,1,43,3,0,4,2,0,0,2,0,3,2,2,0,4,3,4,2,Dropout
1,3,1,3,4,2,1,2,2,2,1,2,1,2,3,1,4,23,3,4,4,2,4,0,2,3,1,2,1,2,2,4,2,3,Graduate
3,3,3,0,4,1,0,0,1,4,4,4,4,2,1,1,2,29,4,1,0,4,2,3,2,2,1,2,2,2,4,2,3,1,Dropout
3,4,0,2,2,4,0,1,1,3,4,0,0,0,3,1,1,40,2,2,1,1,3,4,4,1,4,0,2,4,3,0,3,3,Enrolled
4,2,1,1,2,1,2,3,0,0,4,0,1,1,0,1,0,35,3,0,4,4,0,4,4,2,3,3,3,2,1,3,0,4,Dropout
2,2,0,1,0,3,1,1,1,3,1,3,4,2,4,1,0,20,1,1,3,3,0,1,2,4,0,0,4,3,0,3,2,3,Dropout
4,0,3,1,2,4,0,3,1,2,2,1,4,4,2,0,3,30,2,3,4,1,1,3,1,2,2,2,0,2,1,4,4,1,Dropout
0,4,2,2,0,2,0,4,1,4,3,2,3,0,4,3,3,30,1,2,0,2,1,4,2,2,3,2,0,2,3,3,4,2,Dropout
0,3,2,3,2,3,2,3,3,4,4,4,1,0,1,4,1,19,1,4,0,4,2,1,1,0,3,4,1,3,0,4,2,3,Graduate
4,0,3,2,0,1,0,3,1,3,3,3,3,3,3,4,1,45,2,4,3,3,2,1,1,0,3,1,4,1,1,0,1,0,Dropout
4,2,1,3,1,4,4,4,3,4,3,3,0,2,4,4,3,19,1,3,0,3,3,1,0,2,3,2,3,0,3,4,1,1,Dropout
2,3,4,4,3,0,1,2,0,4,4,4,2,4,2,2,0,18,0,2,4,0,3,4,3,3,4,0,0,0,3,2,0,0,Enrolled
3,2,0,1,3,4,3,3,1,2,1,1,4,1,0,1,4,30,4,0,2,3,3,0,2,4,2,0,1,0,4,3,0,3,Graduate
0,0,4,0,2,4,3,4,4,3,0,1,1,1,1,3,4,33,3,2,3,0,1,3,2,0,3,0,3,1,2,1,1,2,Enrolled
3,2,0,2,2,3,1,3,3,0,0,3,0,4,3,4,4,18,0,2,0,3,0,3,2,1,4,4,4,3,4,4,3,2,Dropout
1,2,4,2,3,2,4,1,1,0,0,3,1,0,0,1,1,41,3,3,1,4,0,1,3,3,3,0,1,0,4,0,3,3,Dropout
1,4,0,1,3,4,2,4,4,1,4,3,4,4,1,1,4,48,3,4,1,2,3,1,1,0,0,3,3,0,1,2,1,1,Enrolled
3,0,2,1,0,4,2,0,2,2,3,3,2,3,4,1,2,29,0,1,2,1,1,1,2,1,4,3,4,2,3,4,4,4,Enrolled
1,3,0,0,0,2,3,3,3,3,0,3,0,0,4,2,1,45,3,4,4,3,3,1,2,1,0,4,0,1,2,2,1,3,Dropout
0,2,0,0,1,2,0,3,0,4,4,2,4,3,2,3,2,49,2,2,2,3,4,1,3,2,3,3,4,0,3,0,4,3,Enrolled
0,2,3,1,1,4,1,1,2,2,4,2,0,1,0,4,1,44,4,4,4,0,2,1,4,4,2,4,1,1,0,2,4,2,Dropout
1,1,3,3,0,0,4,1,4,3,4,2,1,2,4,0,1,49,3,3,1,2,1,3,3,0,4,4,0,0,1,0,3,3,Dropout
0,0,0,1,1,0,2,0,3,3,1,0,4,3,2,2,4,43,4,1,0,4,0,1,3,2,0,4,2,0,4,3,3,3,Graduate
1,0,0,0,4,0,1,4,3,2,2,2,4,4,3,2,1,35,1,1,2,4,4,0,4,2,0,3,1,0,2,2,3,2,Enrolled
2,3,1,1,0,3,0,0,1,2,1,2,4,2,3,0,2,31,3,0,0,2,2,2,0,4,2,2,2,3,2,1,4,2,Graduate
2,4,2,0,1,3,3,0,2,2,3,1,2,1,0,2,0,43,1,4,1,4,2,4,3,3,4,3,4,2,2,1,4,1,Dropout
3,3,0,4,1,0,0,2,1,1,4,3,4,4,3,4,2,41,4,4,4,1,2,4,3,2,1,4,3,3,0,1,0,0,Graduate
1,0,0,3,2,0,4,0,0,4,1,4,0,3,4,3,3,26,0,3,0,4,1,3,2,3,0,1,0,1,4,4,1,3,Graduate
2,2,2,0,2,0,3,3,2,2,0,1,4,4,3,3,1,33,4,4,1,1,1,4,1,4,4,3,1,2,2,3,3,4,Dropout
2,4,1,2,2,2,0,0,3,1,2,0,2,2,4,4,2,47,2,3,3,3,1,1,1,2,1,1,0,4,3,3,2,4,Dropout
0,4,3,2,3,1,4,1,4,0,4,1,2,4,2,4,4,25,2,0,2,4,0,0,3,0,4,3,4,3,2,0,2,3,Graduate
3,0,3,3,3,3,4,1,0,1,1,4,1,3,4,3,3,21,4,2,4,4,0,3,1,3,3,4,4,2,2,0,4,3,Graduate
3,0,2,3,3,3,4,3,1,4,0,1,0,0,4,4,0,31,4,4,4,1,0,3,2,4,0,3,3,0,2,4,0,2,Enrolled
2,3,0,2,0,3,1,2,1,0,0,1,3,1,0,2,2,45,1,2,3,3,4,0,3,1,1,0,3,0,0,2,1,1,Graduate
2,1,3,4,2,1,4,0,0,2,1,2,0,1,3,3,2,31,1,0,2,3,4,1,3,2,2,0,1,3,4,4,4,1,Enrolled
3,0,0,4,2,4,2,4,2,2,1,0,3,2,4,0,2,42,3,4,0,0,3,3,3,2,2,4,0,2,3,1,1,2,Graduate
0,0,4,0,0,3,4,1,0,2,3,2,0,4,0,0,3,43,1,4,1,3,3,0,2,2,3,2,1,3,1,3,4,4,Enrolled
4,3,0,3,3,4,0,3,2,2,4,4,4,4,0,4,4,27,0,2,1,2,2,1,1,0,3,1,2,4,2,0,3,0,Graduate
0,0,3,2,1,2,2,4,0,0,0,0,3,3,0,0,3,18,0,0,0,0,2,0,3,0,1,3,4,1,4,0,0,4,Dropout
4,3,0,3,4,0,3,0,0,1,3,4,0,1,1,0,4,48,1,0,0,3,1,1,4,1,0,4,2,3,0,3,3,4,Dropout
3,0,0,2,2,0,2,0,3,1,0,4,1,1,0,3,4,47,4,2,2,1,2,4,3,2,0,1,2,1,3,1,3,0,Graduate
3,2,1,2,3,2,0,0,2,3,1,1,2,2,0,2,0,31,4,2,3,2,2,0,1,4,2,3,0,2,4,1,2,0,Graduate
3,0,1,0,1,0,3,4,0,1,0,1,0,1,4,1,1,36,0,4,1,0,4,1,0,0,3,3,2,4,2,1,2,1,Graduate
1,1,0,3,2,2,0,0,1,1,0,1,0,3,0,0,1,20,4,0,3,4,0,2,0,0,2,2,2,3,4,3,2,0,Dropout
1,4,2,4,2,0,0,2,1,1,4,1,2,3,0,4,2,39,2,1,2,1,2,4,0,1,1,1,3,2,0,4,2,2,Graduate
1,3,2,3,4,2,1,4,2,1,1,0,3,1,1,1,1,23,4,0,0,2,3,3,4,4,2,3,1,3,1,1,4,0,Dropout
3,1,2,2,3,2,1,1,0,1,0,2,3,2,1,0,2,24,0,4,1,1,3,0,0,3,2,2,3,0,0,4,4,4,Graduate
2,3,2,4,0,0,0,2,2,0,2,0,4,3,0,2,3,43,3,2,3,0,2,1,2,0,3,0,0,2,1,2,0,2,Graduate
3,1,3,2,1,4,4,3,0,4,3,1,4,2,0,0,1,43,1,4,4,2,1,3,2,4,3,2,1,4,2,0,2,0,Graduate
4,3,2,3,1,3,1,0,3,4,0,3,4,4,4,4,0,40,1,1,1,0,3,3,0,3,0,1,1,2,3,4,2,1,Dropout
0,3,3,2,3,3,0,3,4,3,0,4,1,1,4,2,0,42,3,0,4,0,2,3,0,0,0,2,4,4,0,2,4,1,Enrolled
4,4,2,1,1,1,2,1,1,1,3,1,2,4,1,4,0,32,2,1,4,3,3,3,1,0,0,0,4,0,3,3,1,4,Graduate
0,0,0,4,0,1,0,3,2,2,0,1,3,4,4,4,3,48,2,0,4,1,2,1,2,4,2,0,2,0,0,2,3,3,Dropout
4,3,2,0,1,0,0,1,1,4,1,4,1,1,3,4,2,30,3,4,4,3,4,1,1,0,2,1,1,1,3,2,0,4,Graduate
0,3,0,1,3,3,3,3,0,2,0,4,4,4,2,4,3,45,4,1,1,3,3,2,1,3,4,4,1,1,1,0,4,0,Dropout
2,4,0,2,0,1,1,1,1,3,1,2,2,1,1,4,3,27,0,4,4,1,2,2,0,0,1,2,4,0,4,2,4,4,Dropout
0,3,1,3,4,3,3,4,0,2,1,0,4,2,1,2,3,39,2,4,1,2,4,1,1,2,4,1,2,0,4,2,3,2,Enrolled
3,3,4,2,3,2,4,4,2,1,1,4,0,4,4,3,4,35,2,4,0,1,2,1,0,3,1,3,4,1,1,0,0,4,Graduate
4,2,4,0,4,4,0,3,4,1,3,0,4,4,2,2,3,22,3,1,3,4,2,2,0,4,3,2,1,1,1,3,4,1,Graduate
1,2,0,3,1,2,1,2,3,0,1,1,2,3,2,3,1,44,3,0,3,2,1,1,3,4,2,0,0,1,2,1,2,2,Dropout
2,2,4,4,0,1,1,2,3,1,0,3,3,4,0,2,2,29,2,4,3,3,2,0,2,0,4,2,4,2,0,4,2,1,Graduate
4,4,4,4,1,1,1,4,1,4,4,3,2,0,1,4,0,30,4,4,0,0,3,0,4,3,2,1,3,0,3,4,4,4,Enrolled
2,3,2,2,3,0,0,0,2,1,1,2,3,4,0,2,4,49,1,2,3,0,0,0,2,4,4,4,4,3,1,2,1,0,Graduate
1,4,4,1,4,4,0,0,2,1,0,2,2,4,4,2,2,34,1,2,0,3,2,0,4,2,0,4,1,4,3,1,1,4,Dropout
1,4,4,3,4,4,2,2,3,2,0,2,2,3,2,3,2,36,1,1,2,2,3,3,3,1,1,3,2,4,0,1,1,2,Dropout
1,1,4,1,1,3,3,3,0,3,2,3,3,0,0,2,3,21,1,3,1,4,2,0,3,2,0,1,1,4,3,2,2,1,Dropout
1,0,1,2,3,0,3,2,3,1,0,4,0,2,2,2,0,44,2,4,2,2,0,2,2,2,2,2,2,4,4,4,2,4,Graduate
1,1,4,3,1,4,0,4,1,4,2,4,2,1,0,0,2,32,2,1,0,1,0,3,3,3,3,0,1,1,2,4,3,0,Dropout
3,0,2,4,2,1,4,3,3,3,0,4,2,4,0,4,1,38,1,0,4,4,2,2,3,0,3,2,3,1,0,1,1,0,Dropout
0,1,3,4,3,2,1,4,0,1,1,1,1,2,2,4,0,41,1,1,0,1,3,4,0,4,0,2,3,0,0,1,3,3,Graduate
1,3,1,2,3,2,0,2,1,3,2,0,4,2,4,0,1,37,4,4,1,2,4,4,3,0,4,0,2,1,2,2,4,0,Graduate
4,4,2,3,0,4,0,2,0,4,2,1,1,1,3,2,4,41,4,0,2,3,1,1,1,3,0,3,3,4,0,4,4,4,Dropout
4,1,0,2,2,2,0,4,4,2,2,2,2,1,3,1,2,32,4,2,0,3,2,3,3,3,3,4,0,2,2,4,0,0,Dropout
1,1,2,4,4,1,1,3,1,2,1,2,2,2,1,2,4,25,0,4,1,1,3,0,4,4,0,4,0,2,1,2,0,0,Dropout
2,3,3,0,1,3,1,3,0,0,4,4,2,0,3,4,1,43,4,2,4,4,0,4,2,2,1,2,3,3,1,2,0,2,Dropout
1,4,1,1,4,1,0,1,3,4,1,1,0,3,2,2,4,40,4,4,2,1,3,3,4,3,0,1,4,0,3,3,0,0,Enrolled
3,0,3,2,3,4,2,4,4,1,4,1,1,2,1,1,1,26,2,0,2,4,2,0,0,4,4,4,3,2,4,1,2,4,Enrolled
0,1,0,0,1,1,3,2,0,1,1,4,4,1,3,0,3,44,1,4,3,0,3,4,3,2,2,3,2,2,4,1,3,0,Dropout
4,0,0,4,4,1,2,4,3,0,0,0,0,3,3,4,3,31,4,4,2,2,3,1,1,1,0,3,3,2,0,1,2,1,Graduate
1,2,0,2,1,2,2,4,4,4,1,0,3,1,0,1,4,26,4,1,3,3,2,2,0,1,1,0,3,4,0,0,4,3,Graduate
0,1,2,4,4,3,0,0,2,3,4,1,2,2,0,1,1,28,4,3,2,3,2,1,2,3,4,1,2,4,3,0,1,3,Enrolled
0,4,2,4,1,0,1,1,2,3,3,1,0,3,3,1,2,24,2,1,2,4,4,4,3,4,1,4,0,3,4,2,1,2,Enrolled
1,2,4,2,4,4,3,3,4,2,0,0,3,1,1,3,0,28,0,3,0,0,2,2,2,1,4,1,4,1,1,3,3,4,Enrolled
0,2,0,0,4,4,2,0,0,3,2,3,2,1,2,0,4,39,3,3,4,3,0,4,0,0,3,4,1,1,1,0,3,4,Graduate
4,1,3,2,1,1,4,1,0,3,1,3,0,0,3,4,2,20,1,0,4,1,3,4,1,0,3,0,4,1,2,1,4,2,Enrolled
1,1,0,4,0,2,1,0,1,4,0,2,2,1,2,0,1,48,2,4,2,1,0,0,2,4,2,1,1,2,1,3,2,3,Graduate
2,2,1,3,1,2,1,1,0,4,4,1,1,4,1,3,1,34,2,2,2,3,1,3,3,0,2,1,3,1,4,4,1,1,Graduate
1,1,2,4,4,4,3,1,0,0,2,0,2,2,4,4,4,35,2,4,3,4,1,2,4,3,4,4,0,1,2,2,2,3,Enrolled
4,4,0,2,2,0,3,4,2,4,4,4,4,4,1,2,2,28,4,3,4,2,2,1,4,1,1,2,3,4,0,0,4,3,Dropout
1,4,4,0,3,0,3,1,2,0,0,4,4,2,4,0,4,38,2,3,0,0,3,2,2,1,1,4,1,4,3,3,2,1,Dropout
1,2,0,4,0,3,0,2,0,0,0,3,2,0,0,3,3,31,3,0,4,2,2,3,1,4,0,1,0,1,4,0,1,3,Graduate
1,1,4,0,1,1,1,2,3,1,0,0,0,2,2,2,1,30,2,1,1,0,4,3,0,2,3,0,1,4,1,0,4,0,Graduate
3,2,2,0,3,4,0,2,2,3,0,3,3,0,0,3,3,31,0,3,4,3,0,3,3,1,0,0,3,4,2,2,2,4,Enrolled
3,4,2,1,0,0,0,2,0,4,4,3,3,3,2,4,4,42,1,3,0,4,2,0,2,2,2,2,1,2,1,0,2,3,Dropout
4,1,4,0,2,0,0,0,2,0,3,1,4,4,1,0,1,42,4,1,4,1,4,4,3,2,3,2,0,3,0,2,2,1,Enrolled
0,4,1,4,3,2,1,3,0,3,0,1,4,4,3,3,4,40,1,2,0,1,0,1,1,4,1,1,4,4,1,2,2,4,Dropout
1,1,2,4,1,3,4,3,4,4,2,0,0,0,3,4,0,46,1,1,3,1,2,1,4,2,3,2,3,3,1,4,3,4,Graduate
1,3,4,2,2,4,2,1,2,3,4,2,1,4,4,3,2,39,2,1,2,4,2,1,0,2,2,0,1,0,3,1,4,3,Enrolled
3,4,2,2,1,3,1,3,0,0,1,1,4,4,3,1,1,43,2,1,3,2,2,2,4,4,3,1,1,1,1,4,4,3,Graduate
2,0,0,0,3,0,1,0,2,3,1,2,4,0,2,0,1,27,4,3,2,3,4,0,0,4,2,2,4,3,3,0,2,3,Enrolled
3,1,3,3,1,3,3,2,3,2,4,3,2,0,3,1,3,29,4,2,3,4,0,0,4,4,1,0,0,3,2,4,2,2,Enrolled
0,3,1,4,2,0,2,2,4,3,4,3,1,1,0,3,0,40,1,0,3,3,3,1,2,4,4,2,2,0,0,3,3,4,Graduate
1,3,3,0,2,2,3,2,0,2,0,0,1,4,3,2,3,28,4,0,2,3,4,1,1,4,3,0,2,1,3,4,1,2,Graduate
1,3,1,2,3,1,4,3,4,4,4,0,4,4,0,4,2,49,2,0,0,2,4,3,4,0,4,1,2,1,1,4,3,3,Enrolled
4,4,0,4,3,4,0,3,0,0,2,3,2,3,4,2,4,23,3,4,1,1,4,2,1,3,2,0,3,1,2,4,2,1,Dropout
2,0,4,1,4,1,3,4,4,3,1,2,0,4,4,2,0,22,2,4,2,0,0,3,4,1,3,3,2,4,3,2,2,3,Enrolled
4,3,4,2,2,3,4,4,4,3,2,2,3,0,1,1,3,39,1,0,0,4,1,4,3,4,1,4,2,2,3,1,2,3,Graduate
2,2,4,1,4,0,2,3,1,3,2,3,4,2,1,4,4,34,2,2,0,4,3,3,4,2,3,0,4,2,2,4,2,0,Graduate
2,1,0,4,1,1,0,2,0,0,0,4,3,1,1,3,2,38,0,1,0,4,3,4,0,1,1,3,2,4,0,4,3,0,Enrolled
2,1,3,3,3,2,4,3,2,3,4,4,3,0,0,3,2,30,3,1,4,3,3,4,3,4,2,2,1,1,2,1,2,4,Graduate
2,0,2,0,0,3,3,0,2,4,1,2,3,2,1,3,0,34,3,3,2,2,1,3,2,0,4,4,4,0,0,4,1,4,Enrolled
4,0,4,0,1,3,4,4,2,4,1,4,4,4,4,3,0,38,2,3,2,4,4,1,2,2,0,0,1,4,0,1,0,4,Enrolled
1,4,2,3,4,1,4,2,4,4,1,1,0,0,3,1,1,49,4,3,3,3,1,3,2,0,0,0,3,4,1,4,1,2,Graduate
1,2,3,0,2,3,0,4,3,4,2,0,1,4,0,4,2,47,1,1,2,2,3,4,1,3,3,1,4,3,3,4,2,4,Enrolled
4,1,2,0,3,4,1,1,2,1,1,0,2,3,1,3,1,19,4,4,0,0,4,0,2,3,4,0,1,4,2,3,3,0,Graduate
3,3,2,1,3,1,4,1,4,1,1,4,1,3,1,0,4,44,2,4,1,2,0,4,4,4,1,4,1,1,0,3,2,4,Enrolled
0,3,2,0,1,1,0,1,2,4,2,3,2,1,4,3,0,27,1,0,1,1,3,2,3,3,0,2,0,4,2,3,3,3,Dropout
2,1,0,1,1,2,0,3,1,3,0,1,1,2,3,1,1,22,3,3,3,0,4,0,0,4,4,1,0,2,3,2,0,0,Enrolled
4,2,3,0,3,3,2,4,4,4,2,4,4,0,2,0,2,43,1,4,2,0,0,3,2,4,4,4,0,2,2,0,4,2,Graduate
2,2,2,0,4,2,2,0,0,1,2,3,4,1,3,2,4,21,0,3,1,0,1,4,0,3,2,0,0,4,4,3,1,2,Dropout
2,3,4,2,2,3,1,4,4,1,0,3,3,4,1,1,0,30,2,1,2,3,4,0,1,3,0,4,2,0,2,0,0,4,Graduate
2,1,4,3,3,1,3,2,1,0,3,2,2,0,1,3,2,37,2,2,3,0,4,1,1,0,2,4,3,3,0,1,2,2,Dropout
4,3,3,2,3,3,4,3,0,0,3,1,0,0,3,4,3,48,4,3,2,3,1,3,0,0,4,2,2,4,1,0,3,2,Enrolled
1,4,0,0,1,2,4,4,2,3,4,1,4,4,3,4,4,39,0,0,3,1,0,4,4,0,0,0,3,1,4,1,3,0,Dropout
3,1,2,1,2,1,0,3,4,0,4,2,2,1,4,0,4,43,4,2,4,0,1,2,0,2,1,3,4,0,1,0,4,4,Graduate
3,2,0,0,3,3,0,3,1,2,2,3,4,1,2,1,3,25,0,2,1,4,3,1,3,2,3,1,3,1,1,1,0,4,Enrolled
4,3,3,4,1,2,0,0,0,2,4,3,0,3,0,0,0,23,3,4,3,3,2,2,2,1,4,2,2,1,3,3,1,3,Dropout
0,0,1,4,0,3,2,2,3,0,3,4,2,0,0,0,2,34,1,2,3,3,1,0,4,4,1,1,4,3,1,3,3,4,Dropout
3,0,4,4,3,2,0,0,4,2,4,0,3,1,2,4,4,28,3,0,3,2,3,2,0,4,3,0,4,3,1,3,1,4,Enrolled
3,4,2,4,0,4,1,0,4,1,3,2,2,0,4,1,1,49,1,4,3,0,4,4,3,2,0,1,4,2,2,1,2,0,Graduate
2,0,2,0,2,2,0,3,2,4,3,4,0,3,3,4,0,42,4,2,3,0,3,4,0,2,1,4,0,1,4,2,3,3,Enrolled
4,4,3,4,2,0,3,3,3,4,2,1,3,2,1,1,0,21,0,2,3,2,4,2,2,4,1,4,2,4,4,0,3,3,Enrolled
1,4,3,3,3,3,0,0,2,2,4,1,4,2,2,4,2,31,1,0,2,3,2,0,1,1,3,4,0,1,2,1,0,4,Graduate
4,2,0,0,4,0,4,1,3,1,4,1,3,3,4,1,3,24,3,4,0,3,2,4,0,3,1,3,1,2,0,3,4,1,Dropout
4,2,4,2,1,4,4,1,0,1,0,0,4,0,2,2,4,34,2,4,3,2,1,4,3,1,0,4,4,1,4,0,2,3,Dropout
3,1,0,0,1,2,0,0,0,0,0,2,0,1,1,4,4,45,2,2,0,1,2,2,0,2,0,4,4,3,4,3,4,4,Enrolled
2,3,3,1,4,1,4,3,4,1,3,0,1,1,0,2,1,32,2,0,4,3,1,2,2,2,4,0,4,2,4,2,0,4,Graduate
4,0,4,3,0,1,0,3,4,1,2,3,1,4,3,0,1,42,4,1,4,0,0,0,3,3,3,4,2,0,3,4,1,0,Dropout
1,3,3,0,2,2,0,2,0,1,1,3,0,1,4,4,1,36,3,0,1,1,4,1,1,3,2,3,4,1,4,3,0,3,Dropout
2,3,0,2,3,4,2,3,3,4,4,1,4,0,0,0,1,30,1,2,3,4,1,3,2,1,0,3,2,1,0,4,0,3,Enrolled
2,4,0,1,1,2,2,4,2,2,4,2,3,0,1,4,2,20,3,2,1,2,2,3,0,4,2,2,1,3,4,2,0,1,Enrolled
1,0,0,1,1,1,4,4,0,0,3,4,4,3,2,0,2,27,3,1,1,3,2,3,4,4,1,3,1,0,0,4,3,4,Dropout
1,2,1,2,3,1,4,3,0,0,3,3,1,4,4,3,1,25,4,1,1,3,4,2,0,0,3,4,1,1,4,3,2,3,Graduate
1,3,0,2,3,1,1,0,1,0,4,4,3,1,4,1,1,47,1,4,1,2,4,4,1,1,3,1,0,1,0,2,1,2,Graduate
4,4,2,2,1,2,1,4,4,3,3,4,2,0,0,0,1,35,1,2,2,3,0,4,0,2,0,2,4,0,2,0,4,3,Enrolled
2,2,0,2,1,4,0,3,3,2,2,3,1,0,0,1,4,42,3,4,3,3,0,1,4,0,0,3,1,3,4,4,1,4,Graduate
2,4,3,4,1,4,1,3,2,4,4,4,0,2,1,0,2,20,3,2,2,0,2,4,1,1,3,2,3,4,0,4,3,2,Graduate
0,3,0,3,3,4,3,4,1,2,4,4,3,0,0,4,0,35,2,0,1,0,4,2,1,4,2,0,2,0,3,1,3,1,Enrolled
0,3,3,2,0,1,2,3,1,0,0,4,4,4,4,1,2,38,3,3,3,3,1,0,0,3,3,4,3,3,3,3,4,2,Dropout
0,3,3,4,1,3,4,0,0,4,3,0,2,1,3,1,2,42,0,4,4,3,1,0,2,2,4,4,1,1,2,3,3,0,Dropout
4,0,4,0,0,2,1,1,4,2,0,2,1,2,1,2,4,29,2,4,2,3,4,3,1,0,3,2,0,0,1,4,4,2,Enrolled
4,0,1,1,1,1,3,4,0,1,3,1,3,0,1,1,4,42,0,4,4,3,3,3,3,3,2,3,0,3,3,4,3,2,Graduate
1,3,3,0,3,4,1,4,1,2,1,0,1,4,3,1,1,41,3,3,3,1,0,0,1,2,1,1,3,1,4,4,0,2,Enrolled
4,0,3,0,4,2,4,3,1,1,4,4,0,3,1,1,3,25,3,3,1,0,3,3,3,4,2,3,1,2,2,3,3,4,Dropout
2,4,2,4,0,4,1,0,2,0,0,0,1,1,1,0,2,32,4,1,3,3,1,3,2,4,3,2,4,3,0,1,4,1,Enrolled
2,4,0,4,4,0,2,4,0,1,4,0,4,3,0,3,3,24,3,2,1,3,4,1,4,4,3,3,2,3,0,4,4,2,Enrolled
3,1,1,2,1,1,1,3,0,3,0,2,4,4,1,1,0,36,4,0,4,0,1,0,3,1,1,2,2,3,0,3,4,0,Dropout
3,2,1,2,1,4,3,3,3,4,0,2,0,3,4,3,1,48,4,4,3,4,0,1,3,2,4,4,0,1,0,3,2,3,Enrolled
4,4,4,4,3,0,1,3,2,1,1,4,0,1,0,1,2,20,1,1,3,3,1,3,4,1,0,4,3,4,4,1,1,2,Enrolled
3,2,3,3,4,4,4,2,4,4,4,0,2,4,2,4,4,22,4,4,3,2,4,4,1,4,2,4,1,4,3,1,1,3,Dropout
4,1,3,2,4,1,1,2,0,1,2,2,3,0,4,3,4,26,1,2,2,1,4,3,3,2,2,2,1,2,0,1,0,3,Graduate
1,1,2,0,1,3,3,0,0,0,3,2,1,3,2,2,3,18,1,3,0,4,4,3,3,2,3,4,4,0,4,0,4,3,Enrolled
1,2,1,2,2,4,1,1,4,2,4,0,0,2,0,1,4,47,2,2,2,4,0,1,4,4,2,0,4,2,2,0,2,2,Graduate
3,3,0,2,2,4,0,2,2,1,3,2,3,3,4,4,3,36,1,2,4,0,1,2,1,1,1,1,1,0,4,4,2,4,Graduate
4,2,4,3,4,0,4,0,0,0,2,3,0,4,0,3,1,26,2,2,1,1,0,2,0,0,4,2,1,0,2,3,2,2,Graduate
3,4,4,4,4,1,0,3,4,1,2,2,0,2,2,4,3,40,2,1,4,2,0,4,3,4,3,4,2,2,3,1,4,2,Graduate
2,2,4,3,0,4,0,3,3,3,3,4,2,4,3,2,2,49,2,2,3,1,1,3,2,4,0,0,3,2,0,0,2,4,Enrolled
4,4,4,2,1,2,4,1,0,4,3,4,4,4,1,2,4,19,3,2,0,4,3,2,4,0,1,3,2,3,1,4,2,1,Dropout
0,4,1,3,2,1,4,4,4,1,3,1,3,2,3,2,4,35,4,2,3,4,1,4,3,0,0,1,4,1,2,3,1,4,Enrolled
2,4,3,2,3,0,3,2,1,0,2,1,2,4,3,2,2,34,4,0,2,1,0,3,1,2,2,1,0,4,1,1,3,2,Graduate
4,3,1,3,0,0,3,2,0,0,2,0,4,2,0,4,0,43,0,1,1,0,2,0,2,0,2,4,1,0,4,0,3,2,Graduate
3,3,0,1,2,0,3,3,3,2,2,4,0,0,0,3,1,20,0,1,4,0,3,4,0,2,4,2,1,0,4,0,3,4,Enrolled
3,1,4,1,1,1,0,0,4,4,4,1,2,4,1,2,3,49,3,0,2,4,3,2,2,0,0,2,3,3,1,3,4,0,Graduate
3,0,1,2,1,1,1,1,4,2,3,0,4,0,3,4,1,21,1,1,0,2,2,3,3,1,1,0,4,4,3,0,0,4,Graduate
4,3,0,3,1,4,2,1,0,4,4,1,4,1,4,4,2,32,0,4,2,4,3,4,2,2,0,2,1,1,0,3,0,3,Enrolled
3,3,2,2,2,0,1,4,1,4,1,2,2,3,0,3,1,18,0,1,2,1,1,1,0,1,0,4,2,3,4,1,1,4,Enrolled
4,1,4,3,1,0,2,4,4,1,2,3,1,0,3,4,0,31,2,1,0,3,2,4,1,0,0,1,3,1,1,3,0,0,Dropout
4,1,3,4,3,1,2,0,4,2,4,1,2,3,2,0,1,30,0,2,4,3,2,2,0,1,0,1,1,0,1,1,0,3,Graduate
3,1,3,3,1,1,2,0,1,2,2,2,0,2,0,3,3,33,4,0,1,2,2,3,0,4,2,1,0,4,2,2,3,2,Graduate
1,2,3,3,0,2,2,1,3,2,0,3,1,1,1,4,2,33,2,3,2,2,1,0,4,0,4,4,4,0,1,0,3,1,Enrolled
1,4,0,2,3,0,4,3,0,0,3,1,2,2,3,1,0,18,3,2,3,2,3,0,4,2,1,3,3,3,1,2,4,4,Enrolled
2,3,1,3,0,1,3,0,0,3,2,4,4,4,0,1,0,20,3,4,4,0,3,4,0,0,3,4,2,1,2,3,0,4,Graduate
4,4,4,2,0,1,4,0,0,1,3,3,3,3,1,2,0,22,3,1,4,4,4,1,2,3,2,1,4,1,2,1,4,4,Enrolled
3,0,4,2,4,4,0,4,2,2,4,2,2,2,1,3,4,41,2,2,0,1,1,0,2,4,2,1,1,0,4,0,2,4,Enrolled
3,1,4,0,4,0,4,4,0,4,0,4,4,3,2,4,1,48,0,3,4,4,3,1,0,2,1,2,0,3,3,4,1,0,Enrolled
3,0,4,2,1,2,3,4,1,4,3,2,2,4,1,4,3,22,0,4,3,1,4,4,2,0,1,1,2,4,4,0,1,3,Graduate
1,1,2,3,3,1,1,3,0,1,1,1,0,4,0,0,4,29,4,1,4,3,4,3,1,4,4,0,4,2,3,4,2,0,Graduate
0,1,4,1,2,4,3,1,3,0,2,2,0,3,0,0,3,32,2,1,1,4,0,3,2,2,3,4,1,3,0,0,1,1,Dropout
4,0,2,4,4,4,1,3,2,2,3,0,4,1,4,2,3,24,2,3,0,1,1,0,2,4,2,2,3,4,2,1,0,0,Dropout
2,4,1,3,3,3,0,4,1,3,1,2,4,3,3,3,3,26,4,3,3,1,4,0,0,2,4,2,1,4,4,3,4,4,Dropout
2,0,3,3,4,0,2,2,1,0,3,2,1,3,3,2,3,18,0,3,1,3,2,0,2,4,2,3,3,1,2,1,0,1,Dropout
2,2,2,3,3,4,4,2,3,1,4,4,0,2,2,0,1,22,0,4,0,4,2,0,2,2,4,3,3,2,2,0,1,1,Graduate
4,3,3,0,1,2,2,1,0,2,2,2,3,3,3,0,1,35,1,4,0,4,0,4,4,2,4,1,1,2,3,4,0,1,Enrolled
4,3,3,1,0,0,0,4,2,1,2,3,0,1,1,3,3,18,1,2,1,0,4,1,4,3,3,0,0,2,1,1,1,2,Graduate
2,4,0,3,4,2,0,4,2,1,1,2,0,1,0,2,3,32,1,3,4,4,2,2,2,2,0,0,3,0,1,1,4,0,Graduate
2,4,2,2,0,4,1,3,2,1,0,1,3,3,1,0,0,24,1,1,3,3,4,4,2,3,2,2,3,1,2,4,1,1,Graduate
3,4,4,1,0,0,1,1,1,1,0,0,0,0,3,4,4,40,0,0,3,1,2,0,0,0,4,4,1,3,4,2,2,3,Dropout
0,0,0,1,2,4,0,3,3,3,1,0,2,3,4,1,1,34,3,1,2,3,1,0,1,0,4,3,3,0,4,0,1,1,Enrolled
1,0,4,3,2,4,3,4,1,1,3,2,2,2,3,0,0,27,2,3,2,3,3,0,4,4,1,2,2,0,3,1,2,3,Enrolled
4,0,3,2,1,4,2,0,0,4,0,0,0,0,2,2,2,47,1,1,0,3,2,2,3,1,0,3,4,2,0,1,4,0,Graduate
0,1,0,1,3,1,4,2,4,1,2,4,0,4,0,0,0,24,3,2,2,4,1,1,2,1,1,3,1,2,4,0,1,3,Dropout
2,0,4,4,1,1,0,4,2,3,1,0,3,4,1,4,4,33,1,3,3,2,3,0,3,0,0,0,2,4,0,4,4,0,Graduate
2,3,4,2,3,2,4,0,2,1,1,1,0,0,3,1,2,23,4,4,3,3,0,3,0,3,3,2,3,4,2,0,3,0,Enrolled
2,3,1,1,2,1,0,2,2,2,2,2,4,3,0,1,3,39,1,0,2,1,3,0,3,2,3,0,3,1,3,3,3,4,Enrolled
2,1,0,1,1,2,1,0,1,0,0,0,2,4,1,4,0,29,4,3,2,0,1,2,1,4,1,0,3,1,3,3,1,4,Graduate
3,0,0,2,3,1,1,1,2,3,4,1,0,2,3,2,4,34,2,1,0,4,2,2,1,2,1,2,4,3,2,1,3,2,Enrolled
4,0,3,0,2,4,0,0,2,2,1,0,4,4,3,4,0,48,1,1,3,2,0,2,0,2,0,4,0,0,2,3,0,4,Dropout
2,2,3,2,3,1,4,0,4,3,3,1,0,2,3,4,4,28,4,3,4,2,4,2,4,1,0,3,1,2,0,0,0,3,Enrolled
2,2,0,4,1,3,2,1,3,0,1,2,1,0,2,3,0,27,2,4,3,3,0,4,2,0,1,0,2,2,4,1,2,1,Graduate
4,3,1,0,4,4,0,0,0,4,4,1,4,2,2,3,4,24,1,4,0,1,3,0,3,3,1,4,0,1,4,3,3,0,Enrolled
1,4,1,3,4,3,0,2,1,0,2,0,2,1,1,3,3,34,1,3,1,0,1,3,0,1,4,1,1,4,1,4,2,4,Graduate
3,3,3,0,1,4,3,0,0,4,0,1,2,1,1,1,4,43,0,1,2,2,0,4,1,2,2,2,3,3,0,3,3,0,Graduate
3,1,2,4,0,1,0,0,3,1,2,2,1,1,0,1,1,43,3,1,1,4,0,1,1,2,1,1,3,0,3,4,0,3,Dropout
0,0,4,4,4,0,1,1,0,2,2,1,4,1,4,0,0,29,3,4,2,1,2,4,0,0,0,1,2,1,0,3,3,4,Graduate
3,2,3,4,4,2,3,2,1,3,0,4,4,0,0,3,2,45,2,1,2,4,3,0,0,3,4,2,0,4,0,4,0,4,Graduate
0,3,1,1,4,4,3,1,4,4,2,0,3,2,4,2,2,22,4,0,4,3,2,4,0,0,3,3,3,4,2,0,0,1,Enrolled
1,1,0,0,0,0,1,0,0,3,2,1,0,3,3,2,2,18,3,0,4,0,2,2,3,4,3,4,4,0,2,0,4,1,Enrolled
4,4,1,4,2,0,1,1,3,0,1,4,4,1,3,3,4,29,4,0,2,4,3,4,1,4,3,1,1,0,2,2,0,4,Enrolled
2,3,0,0,2,1,1,1,1,1,3,4,3,1,0,1,2,18,4,0,3,0,0,2,0,1,4,1,2,1,2,0,0,0,Dropout
0,0,3,0,0,4,4,0,3,0,0,3,1,4,2,4,4,30,3,2,0,4,1,4,2,0,1,4,4,0,2,3,2,3,Dropout
3,0,4,3,0,0,3,0,0,4,1,1,1,1,2,1,2,47,3,0,0,2,1,1,0,2,2,1,2,2,0,1,3,3,Enrolled
2,2,4,3,1,2,2,4,1,2,4,3,1,3,1,0,2,29,4,2,2,2,3,0,0,4,3,2,1,4,2,4,1,1,Dropout
1,1,3,3,1,3,2,0,0,4,1,4,3,3,1,3,3,32,4,1,0,3,3,0,3,1,1,4,0,4,4,0,1,0,Enrolled
4,4,4,1,1,1,4,0,2,4,1,2,2,4,0,1,3,25,1,4,0,1,1,4,4,4,3,0,4,2,4,1,0,0,Dropout
0,4,4,1,2,1,2,4,1,0,2,1,1,0,2,4,3,29,1,0,3,0,1,2,1,4,3,0,3,3,1,4,3,2,Graduate
3,1,2,3,3,1,3,2,0,4,3,3,3,0,3,0,0,38,4,0,3,1,4,1,0,4,3,3,2,3,4,4,4,2,Enrolled
2,2,2,4,4,2,1,4,1,2,1,0,3,2,3,1,4,44,3,0,2,1,3,2,3,4,0,1,0,0,1,4,1,2,Enrolled
2,0,2,2,1,1,3,1,4,1,4,2,0,3,2,3,4,28,1,2,0,1,2,0,4,0,4,2,1,1,4,0,2,3,Dropout
2,4,0,1,4,2,4,4,2,0,2,3,1,3,0,4,3,22,4,0,2,1,0,2,4,2,4,4,3,3,3,4,2,3,Dropout
4,1,2,2,0,0,4,4,3,4,1,1,2,1,1,1,3,44,4,2,3,1,0,1,4,0,0,1,2,1,1,2,2,4,Graduate
0,2,3,1,2,4,0,2,0,3,4,0,3,1,0,3,2,20,2,0,0,4,4,1,0,1,3,2,0,1,0,0,4,4,Dropout
4,0,2,0,1,0,4,3,3,1,0,2,2,1,2,3,2,44,2,4,3,1,3,2,0,1,4,2,1,3,2,1,4,3,Enrolled
3,1,3,4,3,4,4,2,0,0,1,4,2,2,0,1,2,28,4,0,1,0,0,3,3,1,4,0,0,1,1,2,4,0,Graduate
0,2,2,1,2,1,3,4,1,2,0,3,1,3,2,1,0,35,4,2,0,2,0,1,1,2,4,0,1,0,4,2,3,0,Enrolled
1,3,4,0,0,0,3,1,3,2,0,2,1,1,0,1,3,27,4,4,1,1,0,1,3,0,3,2,3,2,0,0,3,1,Dropout
1,1,2,4,4,2,4,1,2,1,4,4,0,1,4,4,3,37,1,1,1,3,1,3,4,1,3,1,4,2,4,4,3,2,Enrolled
4,4,3,1,2,1,3,3,0,2,2,1,2,3,3,1,3,18,0,1,3,0,4,0,2,0,4,4,2,0,0,2,4,1,Graduate
4,1,3,4,4,0,3,0,3,0,3,1,2,1,4,2,2,40,1,4,3,4,2,4,1,2,2,3,4,0,4,3,1,3,Enrolled
4,0,3,1,1,0,4,4,0,0,3,4,3,4,2,1,0,41,4,1,4,2,1,4,3,2,1,1,3,4,2,1,1,0,Dropout
1,1,2,3,0,2,1,0,4,0,1,2,3,4,3,0,1,35,1,4,0,2,3,4,1,1,1,2,4,2,3,3,1,0,Enrolled
1,0,0,1,3,2,4,1,4,4,4,3,3,0,4,2,1,33,0,0,4,2,4,4,2,0,3,4,2,0,4,0,3,4,Enrolled
0,2,3,1,2,0,2,0,3,2,0,1,2,3,0,0,2,18,0,1,2,3,1,0,4,3,2,3,3,3,4,2,3,0,Graduate
0,3,0,0,4,2,3,2,4,4,1,1,0,4,0,0,2,24,0,3,2,1,1,3,3,2,2,2,2,1,1,4,1,3,Dropout
4,0,2,3,0,3,0,2,2,2,2,2,4,3,3,3,3,32,4,3,3,4,4,1,1,1,2,4,4,0,2,4,4,2,Graduate
2,2,0,2,0,3,4,3,3,2,3,1,3,2,2,4,4,39,3,4,2,4,3,0,1,2,0,4,0,3,0,2,1,1,Graduate
0,2,0,4,1,2,1,0,1,2,3,0,4,3,4,2,2,22,3,3,1,4,4,4,0,0,0,3,0,4,1,2,1,0,Graduate
1,3,3,2,2,0,1,3,3,3,0,4,0,0,2,2,2,32,3,4,2,1,4,2,4,3,4,2,2,2,2,4,0,0,Dropout
3,4,2,2,1,2,3,2,1,4,1,3,2,0,0,3,1,47,2,1,4,4,3,4,3,3,2,0,0,3,2,1,3,3,Enrolled
2,4,3,3,1,2,4,2,4,1,1,2,4,2,1,0,2,39,3,4,0,4,1,0,4,3,1,1,2,1,1,0,0,3,Dropout
1,1,4,3,1,4,4,3,3,4,3,0,1,3,1,4,4,30,4,4,3,2,3,0,0,3,0,3,4,3,0,1,0,3,Enrolled
2,4,1,3,0,3,2,2,2,2,2,1,2,3,2,4,3,23,4,0,0,1,2,1,2,4,3,1,1,4,3,4,2,4,Graduate
3,1,0,0,4,1,4,0,4,1,4,1,1,4,0,3,4,30,2,1,3,0,3,2,4,0,3,3,3,1,1,0,0,0,Enrolled
4,0,2,0,4,1,2,4,4,1,0,0,0,4,0,1,0,42,4,4,2,0,2,4,0,3,2,0,4,2,4,0,4,1,Dropout
2,0,0,4,3,1,1,4,4,1,3,1,4,0,1,4,2,46,4,1,2,0,4,2,2,0,4,1,1,1,3,4,1,1,Dropout
3,1,2,3,3,2,4,2,1,3,3,4,4,3,1,1,2,37,2,3,3,3,0,3,4,4,2,4,4,3,0,4,2,1,Dropout
3,3,3,2,4,1,3,4,1,0,1,1,0,1,4,3,4,18,2,4,0,2,4,3,2,1,3,4,1,0,0,2,4,4,Enrolled
2,3,1,4,1,4,2,4,2,2,0,3,0,4,4,0,0,45,2,3,1,4,2,1,3,4,3,1,2,0,1,2,2,2,Enrolled
2,4,1,0,0,2,2,4,1,2,3,4,2,3,1,1,3,21,4,0,3,2,3,2,1,2,4,2,3,1,1,2,2,4,Dropout
2,0,1,1,1,0,3,2,0,4,3,2,0,2,2,2,4,44,2,0,1,1,2,0,2,0,0,4,2,1,3,4,2,0,Dropout
2,0,1,1,1,0,0,4,0,1,3,4,3,4,3,1,1,41,0,1,4,1,0,4,1,1,4,3,3,4,3,1,0,4,Enrolled
4,3,0,4,1,2,3,3,3,3,0,2,1,0,0,0,0,48,1,0,3,2,4,0,3,3,1,2,1,3,4,0,4,3,Graduate
1,2,2,0,2,3,2,3,4,1,3,2,0,0,0,1,3,45,2,4,3,1,2,3,2,1,3,3,0,1,4,1,2,1,Dropout
0,3,4,4,2,3,3,4,0,4,3,4,3,0,0,3,0,27,2,1,1,2,1,2,1,4,1,0,0,0,4,3,2,0,Enrolled
4,3,2,0,1,0,2,1,1,0,1,3,4,0,4,1,1,31,2,3,1,2,4,1,2,3,3,4,0,2,3,1,1,0,Dropout
2,2,0,3,3,1,0,1,2,2,2,1,0,3,1,2,0,21,2,2,2,2,4,2,0,4,3,0,0,3,2,3,0,0,Graduate
3,4,3,1,3,4,4,3,1,1,4,4,1,3,4,1,4,38,1,0,0,0,2,3,2,2,2,2,4,4,3,3,3,0,Graduate
4,1,4,2,4,2,1,3,4,2,0,2,1,4,1,3,4,36,4,4,2,4,2,0,2,3,3,3,4,3,4,0,4,2,Graduate
0,4,4,3,0,4,0,4,4,4,4,4,2,1,2,1,0,23,3,3,2,1,0,2,4,0,3,4,0,0,2,0,1,4,Enrolled
0,2,4,2,2,4,4,2,0,0,3,2,4,0,4,4,2,26,0,2,1,4,1,2,4,3,3,1,2,3,4,3,3,0,Graduate
4,2,0,4,1,4,3,3,0,3,2,2,4,1,1,0,0,29,4,1,3,4,2,4,3,1,3,0,1,4,2,4,3,2,Dropout
3,4,1,1,2,2,2,4,1,0,1,0,1,0,2,2,4,31,2,4,3,2,0,1,3,1,2,4,0,4,0,3,4,4,Graduate
3,1,1,2,4,1,0,3,3,3,1,3,3,4,4,0,3,44,4,2,1,4,2,1,3,3,2,1,2,2,3,2,4,4,Dropout
3,4,1,4,3,2,3,3,1,1,0,3,1,2,0,2,0,45,0,4,3,2,4,4,1,1,1,2,2,3,0,0,3,2,Dropout
1,0,2,0,3,0,4,4,0,0,2,2,0,0,2,0,1,45,4,3,0,1,4,4,3,4,1,1,2,2,1,1,0,3,Dropout
3,0,1,3,0,1,1,4,3,1,0,2,2,2,4,2,1,38,4,3,4,3,4,3,3,0,1,2,4,1,0,0,4,3,Dropout
0,0,4,0,0,0,0,0,3,0,1,1,0,0,1,1,3,35,2,0,3,4,4,0,4,2,4,0,3,2,0,4,2,0,Dropout
2,1,1,3,4,4,1,2,0,1,3,2,4,1,0,0,3,48,1,3,3,4,3,4,2,4,2,1,4,1,1,2,0,2,Graduate
2,1,4,1,0,1,3,0,1,4,0,2,0,0,1,2,3,20,3,1,2,4,4,3,3,2,2,3,0,1,3,4,4,2,Enrolled
0,2,4,2,4,4,4,0,2,4,2,3,4,1,3,1,3,20,4,1,1,2,1,0,3,0,0,3,0,1,4,1,2,3,Graduate
3,3,2,0,2,0,0,0,0,3,0,2,2,2,3,2,0,21,1,4,3,0,4,2,2,3,0,3,0,0,3,0,4,2,Graduate
2,1,1,0,1,2,4,0,1,0,1,1,4,3,4,2,3,36,3,1,1,2,3,4,4,1,0,2,1,4,4,1,4,2,Enrolled
0,3,3,2,3,1,2,0,2,0,0,0,2,2,2,3,3,18,0,3,2,2,2,1,4,3,1,1,1,1,1,2,0,0,Graduate
3,0,1,2,1,4,4,3,4,3,3,0,3,3,2,3,2,48,0,2,0,2,2,1,2,3,3,4,3,3,2,1,2,0,Enrolled
1,0,3,4,2,3,4,0,4,1,1,1,3,4,4,0,1,42,4,1,4,1,3,2,4,0,4,1,4,0,1,3,3,2,Dropout
2,3,2,3,0,4,4,4,4,0,0,2,2,4,4,1,0,32,3,3,0,1,4,2,4,4,2,1,2,1,3,2,1,1,Graduate
3,4,0,4,3,0,0,2,2,3,4,1,1,4,0,4,4,45,0,3,4,3,0,2,0,0,1,0,4,1,2,4,3,1,Dropout
3,2,2,0,0,0,0,1,3,3,4,0,2,4,1,2,2,48,2,4,0,4,1,3,1,3,4,4,0,4,1,4,2,2,Dropout
2,2,2,2,1,2,0,1,4,0,1,3,4,0,1,0,2,44,1,4,4,3,4,2,2,2,2,3,3,0,3,1,1,3,Enrolled
3,4,3,1,0,1,1,3,4,2,3,2,3,2,3,3,4,32,4,1,0,0,3,3,1,0,4,2,1,0,2,2,0,0,Graduate
4,3,2,0,4,3,3,0,3,1,2,2,3,1,3,1,2,31,0,1,1,1,4,4,2,4,4,4,3,2,3,1,1,1,Dropout
4,3,4,0,1,0,3,4,2,2,3,4,2,0,4,3,0,49,1,3,4,2,3,4,0,0,2,3,2,3,1,3,0,0,Dropout
1,1,2,3,0,1,4,1,2,2,0,2,1,0,2,2,1,24,2,1,1,1,4,3,2,1,4,2,3,4,0,2,0,2,Dropout
0,0,2,4,1,3,1,0,3,1,1,4,2,4,2,3,3,21,4,2,2,1,0,0,2,4,0,4,3,2,0,0,3,0,Enrolled
4,0,3,3,0,2,3,1,0,4,4,4,4,0,0,3,2,42,4,0,3,0,0,0,2,1,0,2,3,2,1,4,1,1,Enrolled
4,3,2,0,0,1,0,1,3,0,2,3,4,1,3,1,0,28,0,0,2,0,1,4,0,2,4,2,0,3,4,1,0,2,Dropout
1,1,2,2,1,4,2,0,1,3,1,4,0,2,0,0,2,19,4,3,2,4,1,4,4,3,1,3,2,4,3,3,1,2,Graduate
4,1,1,1,2,3,2,2,1,0,1,4,1,4,1,2,0,45,1,0,4,1,3,0,3,1,3,0,1,3,1,4,2,2,Enrolled
4,2,4,3,1,4,3,2,0,2,1,4,3,4,4,2,2,42,3,3,4,0,0,0,1,1,2,3,4,4,0,2,3,0,Dropout
2,2,4,0,3,4,1,3,0,4,0,4,4,1,2,1,0,42,1,3,2,3,1,3,1,3,1,4,1,1,3,4,2,3,Dropout
1,3,4,4,3,3,3,4,1,4,4,4,4,0,3,0,3,19,2,2,0,1,3,0,1,2,3,3,3,0,4,4,1,1,Enrolled
3,2,2,3,2,4,0,0,3,0,4,1,1,1,3,1,0,24,4,4,3,2,1,1,3,3,2,3,3,1,0,0,4,4,Dropout
3,1,4,0,0,3,1,1,2,2,4,4,2,3,4,1,4,37,2,1,1,4,0,0,4,1,3,3,4,1,2,0,1,1,Graduate
0,4,1,4,1,4,2,2,1,1,2,1,0,2,4,3,2,32,2,2,1,1,4,0,0,0,2,4,2,1,4,3,0,1,Enrolled
0,0,0,4,0,2,4,4,3,3,0,1,4,2,3,0,3,22,4,4,0,4,2,1,2,1,0,4,3,3,3,3,3,4,Enrolled
4,3,0,1,0,2,0,4,1,4,3,1,0,1,3,2,2,38,3,3,3,4,0,2,2,3,1,2,0,4,0,1,4,1,Graduate
4,2,1,2,3,1,1,0,2,3,4,2,3,2,2,4,0,42,1,2,0,0,1,1,4,4,3,2,0,1,3,0,1,2,Dropout
3,2,0,1,1,4,4,0,1,2,3,1,0,2,2,2,2,46,2,3,1,0,2,4,0,4,0,4,1,0,0,2,3,2,Enrolled
1,1,0,4,4,2,0,0,1,0,1,2,4,0,4,1,1,39,1,0,0,1,0,4,2,3,1,2,0,1,0,1,0,0,Graduate
2,2,3,3,3,2,2,2,2,2,1,1,2,4,1,4,0,34,2,3,4,4,1,4,0,4,4,3,1,2,2,2,1,4,Graduate
0,0,2,2,0,2,1,3,4,4,1,1,4,4,1,1,0,22,4,0,1,3,0,2,4,3,1,1,3,2,2,0,2,2,Dropout
4,3,3,4,0,0,3,3,1,0,4,1,3,4,4,4,2,18,4,3,4,0,3,2,4,0,1,1,0,3,0,2,4,4,Enrolled
0,2,3,2,4,4,1,3,1,3,1,3,0,1,4,3,3,49,4,3,3,0,1,4,4,3,0,2,0,0,2,2,3,2,Enrolled
3,4,1,3,0,1,1,4,1,4,0,2,2,1,0,1,4,33,4,4,4,0,2,0,2,0,0,2,4,3,2,0,1,1,Graduate
1,4,0,0,2,2,0,4,0,0,1,2,2,4,1,4,3,32,4,3,0,0,0,3,0,4,3,0,1,3,4,0,3,4,Graduate
3,3,1,0,4,3,3,2,0,0,4,3,0,3,3,2,4,33,1,3,3,4,1,3,1,2,3,3,4,3,2,4,4,2,Enrolled
2,4,4,4,0,0,2,0,2,3,0,4,0,3,0,3,1,31,2,3,2,3,4,2,1,4,4,3,2,1,4,2,2,3,Dropout
1,4,3,4,3,4,4,0,3,2,4,1,0,0,0,1,4,24,0,1,3,0,1,2,2,3,0,0,4,4,1,1,1,4,Dropout
2,2,0,1,3,1,2,1,0,2,1,0,3,1,4,0,3,20,3,1,2,3,0,3,3,4,0,0,0,4,4,3,4,4,Dropout
2,4,2,4,2,2,3,1,2,2,0,2,2,4,2,3,4,19,0,2,2,4,4,0,3,2,1,1,0,0,4,4,0,3,Graduate
1,2,3,0,4,3,4,1,0,4,1,2,4,3,0,4,4,40,2,4,3,2,2,0,4,4,1,3,2,1,0,3,1,4,Graduate
2,0,0,0,4,0,1,4,3,0,0,0,3,4,4,0,1,42,1,1,2,2,4,2,0,2,4,3,1,4,1,1,0,0,Dropout
0,1,4,1,0,3,4,3,0,1,3,0,0,2,0,0,4,38,2,2,4,2,0,0,1,1,1,4,1,2,1,1,2,1,Enrolled
4,2,1,3,0,3,1,2,4,1,0,0,0,3,2,0,2,21,3,2,4,1,4,3,4,3,1,3,1,3,3,0,2,1,Graduate
1,1,0,2,1,0,3,3,3,3,3,3,4,4,4,4,1,46,2,2,3,3,0,2,2,3,3,1,2,4,1,2,1,2,Graduate
3,2,0,0,2,3,2,0,3,0,1,1,4,1,2,3,1,27,4,4,2,4,4,1,3,2,4,1,3,3,3,0,3,0,Enrolled
3,2,3,2,4,2,0,1,0,4,0,1,4,1,2,0,2,30,0,0,0,1,3,2,2,0,3,0,3,1,3,2,3,3,Graduate
4,3,0,4,0,0,4,3,0,0,4,0,1,2,3,0,1,38,3,4,3,2,2,4,0,2,4,1,2,4,4,4,3,3,Graduate
3,2,4,4,4,4,0,0,1,3,0,4,3,2,2,4,1,24,3,2,2,2,2,0,0,1,3,1,4,3,4,0,3,1,Dropout
4,4,2,3,2,0,0,1,1,1,0,1,1,0,2,1,3,37,0,3,2,2,2,0,0,3,3,4,2,4,0,0,4,3,Dropout
0,4,4,2,3,1,4,3,3,4,0,4,4,4,2,1,3,42,1,2,2,4,3,3,3,3,4,1,3,4,0,1,1,1,Enrolled
3,2,0,0,2,2,0,3,1,1,2,1,2,3,1,3,0,23,0,3,0,2,2,2,3,4,1,2,3,0,2,2,3,0,Dropout
3,0,2,1,4,4,0,3,1,2,4,4,3,3,3,0,0,36,0,4,4,3,4,3,4,2,2,2,4,0,3,1,2,0,Graduate
0,4,4,0,0,2,0,1,1,3,0,3,1,3,1,2,1,29,0,0,1,2,1,2,2,1,0,0,0,1,2,0,1,0,Dropout
3,1,2,2,4,2,2,4,4,1,0,1,0,0,2,1,1,35,1,1,0,1,3,2,1,4,4,3,0,3,0,2,3,2,Dropout
3,0,3,2,1,0,1,1,1,4,1,1,3,4,1,0,2,47,3,1,1,2,3,1,1,0,2,3,0,0,1,2,0,3,Graduate
0,1,0,0,2,4,2,2,1,0,4,2,2,2,4,3,2,21,2,0,4,1,0,0,1,4,3,4,1,0,2,4,1,2,Graduate
0,2,2,0,1,0,2,1,4,3,0,1,2,0,1,2,1,32,0,3,2,0,3,4,3,1,1,1,3,1,0,1,3,4,Graduate
0,2,1,3,4,1,1,3,0,1,0,2,4,2,4,1,4,47,1,3,1,4,2,4,4,2,3,1,2,2,4,4,4,3,Dropout
3,2,3,4,4,1,1,0,3,2,0,0,4,0,0,1,3,26,2,0,1,3,3,0,0,0,4,1,4,2,3,1,0,4,Dropout
4,4,0,3,1,1,0,0,2,1,3,2,0,0,3,0,4,35,2,0,0,2,3,3,0,3,2,1,3,4,2,1,0,0,Dropout
4,0,3,0,0,0,2,3,0,4,2,0,2,3,1,0,3,20,3,2,4,2,4,4,4,4,3,1,0,1,0,2,2,2,Enrolled
1,1,1,0,0,0,4,4,4,2,4,1,4,0,0,2,1,36,4,4,3,2,4,1,3,1,1,2,4,3,2,2,3,2,Dropout
1,3,0,1,2,1,4,4,4,2,3,2,1,3,2,4,3,38,2,2,1,2,3,1,1,2,4,4,2,0,2,3,3,1,Enrolled
3,0,3,4,1,0,0,1,3,3,0,0,4,3,4,3,0,22,0,2,0,1,2,1,2,4,4,0,3,2,0,0,1,0,Graduate
3,1,3,1,2,3,2,1,1,4,4,2,0,3,1,0,1,27,2,4,2,4,4,4,3,1,3,0,2,0,0,4,2,1,Graduate
4,3,2,4,2,3,0,0,2,4,3,0,0,1,0,0,1,28,4,1,4,1,1,1,1,0,1,2,3,4,3,3,0,0,Enrolled
2,0,2,4,3,3,2,3,2,2,2,2,1,3,0,1,1,24,4,4,2,2,4,1,0,4,4,1,3,0,2,4,4,1,Graduate
1,0,3,2,2,2,0,3,2,0,3,0,3,4,3,2,2,18,3,1,2,1,0,3,4,4,4,1,0,1,1,4,3,2,Graduate
4,2,2,4,2,4,1,1,0,0,1,4,2,4,2,4,1,19,1,4,3,2,0,0,4,2,3,3,4,3,2,0,0,2,Enrolled
3,0,0,0,3,4,4,2,4,3,0,1,0,0,3,4,1,22,3,1,1,0,3,4,1,1,2,0,0,0,4,4,3,1,Enrolled
1,1,2,4,2,4,0,1,2,3,3,1,2,2,1,3,1,22,4,3,3,1,3,0,3,1,0,3,3,3,0,4,3,1,Dropout
1,2,0,3,2,1,2,1,2,3,2,2,1,4,2,3,4,49,1,3,0,4,2,1,1,3,1,0,0,1,4,2,4,3,Dropout
1,0,0,2,2,3,4,4,1,3,0,0,1,2,1,0,3,30,3,4,3,0,1,3,3,3,4,3,3,4,4,2,4,2,Enrolled
3,2,0,1,1,3,0,1,0,2,1,4,3,3,4,2,0,48,0,0,0,3,2,0,0,1,4,1,0,1,2,2,4,4,Enrolled
4,3,0,4,3,0,3,1,4,3,1,1,0,2,1,1,1,24,2,3,1,1,2,2,4,4,4,1,3,2,2,0,1,4,Enrolled
2,1,3,1,0,2,4,2,3,0,3,2,1,3,2,3,3,45,0,4,1,1,0,4,3,0,2,1,1,4,2,2,4,0,Enrolled
3,3,4,0,2,2,3,0,1,1,0,1,4,1,1,4,0,24,0,4,3,3,1,1,0,3,0,4,1,0,2,3,4,3,Enrolled
1,1,4,1,1,3,2,0,1,0,3,4,2,0,3,0,3,36,2,3,2,4,1,1,2,3,3,3,2,3,3,3,4,1,Dropout
0,4,0,4,1,0,1,1,1,3,1,1,2,2,0,0,1,37,2,4,3,0,4,2,1,0,1,4,3,4,4,3,4,4,Enrolled
4,3,4,1,1,3,1,3,2,2,4,3,4,2,1,1,3,19,4,0,4,3,3,1,3,2,2,4,0,4,1,0,2,0,Graduate
3,4,0,0,3,1,2,1,3,4,3,4,2,2,2,2,3,29,2,1,1,4,3,0,1,4,4,3,3,2,3,1,1,2,Dropout
1,2,4,4,3,1,3,4,0,1,4,0,4,0,3,4,3,28,0,4,4,0,0,1,1,3,0,1,0,0,4,1,3,2,Graduate
2,3,1,1,4,4,1,2,4,1,0,4,2,1,2,0,1,33,2,3,4,4,0,0,4,2,0,2,2,4,0,3,1,4,Dropout
1,0,2,1,2,4,1,1,0,3,1,2,1,0,4,0,2,35,4,0,4,4,4,0,1,1,0,0,3,2,2,1,1,0,Graduate
1,1,4,0,0,3,3,0,1,3,3,0,3,4,0,3,2,36,1,0,2,2,4,4,2,3,3,3,2,3,2,4,1,2,Graduate
3,0,0,3,0,4,0,1,3,1,3,1,0,0,3,4,3,44,3,4,1,1,2,4,4,0,1,1,0,3,2,0,4,0,Enrolled
2,0,2,3,4,3,1,2,0,2,3,4,0,4,0,1,1,33,0,2,1,0,3,4,1,1,4,4,4,0,4,3,1,2,Enrolled
0,2,2,2,0,2,1,2,0,1,0,0,0,2,1,0,3,49,2,3,1,2,4,4,2,1,2,1,0,0,0,3,2,2,Dropout
3,2,3,0,2,1,0,3,1,2,0,1,0,1,0,4,2,40,1,0,3,0,1,2,3,4,2,3,2,0,0,3,3,2,Dropout
4,0,3,3,0,0,3,3,1,0,2,4,0,3,1,2,4,48,3,3,0,2,2,2,0,2,2,3,3,3,3,4,1,1,Enrolled
2,0,4,1,2,0,3,3,0,3,3,0,4,1,3,4,4,49,3,4,1,0,2,3,2,4,2,0,3,1,3,2,3,1,Graduate
0,0,3,0,3,2,0,1,0,2,0,2,1,4,2,2,3,23,3,4,2,1,3,0,3,1,4,0,2,0,4,3,0,0,Dropout
0,1,0,1,3,3,1,0,2,1,1,1,3,1,3,2,2,34,0,2,2,4,3,3,3,4,1,3,3,1,3,1,0,2,Dropout
2,2,3,1,2,1,0,4,3,0,0,1,0,2,2,1,4,26,3,2,0,1,3,2,3,0,4,0,1,1,3,2,1,0,Enrolled
4,3,1,2,2,3,2,0,1,1,0,2,2,0,2,0,4,18,0,4,3,0,0,3,0,3,2,4,4,0,2,4,2,4,Enrolled
1,2,4,2,3,3,0,2,4,0,3,2,2,4,0,2,3,40,0,1,2,1,3,0,1,0,1,1,2,1,3,3,0,2,Dropout
3,0,2,4,2,2,4,0,4,4,4,2,3,4,2,1,3,46,4,1,0,0,0,4,1,1,3,2,4,1,3,2,0,2,Graduate
4,3,2,0,4,2,3,1,1,0,1,0,0,4,4,4,2,25,3,0,2,3,4,1,1,4,1,1,2,1,3,3,2,0,Dropout
0,3,1,3,3,4,1,3,3,2,4,2,0,2,4,0,0,47,2,2,0,3,1,2,2,2,3,1,4,2,4,3,4,0,Enrolled
4,3,0,2,0,2,1,0,4,4,2,3,1,1,0,0,4,47,1,0,2,0,1,0,0,2,4,3,0,4,3,4,1,4,Dropout
1,2,2,0,3,4,2,2,2,0,3,0,2,4,0,1,0,23,0,3,3,3,2,1,4,1,3,2,2,0,1,1,0,4,Dropout
4,0,1,2,0,0,1,2,1,0,4,2,2,3,3,1,4,45,0,4,3,4,2,2,0,3,3,0,3,2,1,4,2,0,Graduate
4,0,3,3,0,4,2,4,4,2,0,2,4,4,4,3,4,34,4,4,2,0,2,0,4,4,1,0,4,0,3,4,0,1,Dropout
0,4,4,2,4,4,2,0,4,3,0,3,2,1,4,4,4,19,0,1,2,2,1,2,3,0,4,1,0,4,1,1,3,3,Graduate
4,1,1,4,3,0,3,1,1,3,2,4,0,1,2,3,3,24,0,0,4,3,2,0,1,0,1,3,0,1,2,2,0,4,Enrolled
3,2,1,0,3,1,2,2,3,3,2,2,0,3,3,3,0,31,2,0,1,4,0,2,4,2,0,2,0,2,4,4,3,3,Enrolled
2,4,3,0,4,3,3,4,1,4,1,1,2,0,3,0,1,33,0,3,3,0,2,2,1,0,3,3,3,0,3,3,4,4,Dropout
0,4,0,1,3,3,2,2,0,3,1,2,4,4,3,3,3,22,1,0,2,2,4,4,0,3,1,2,0,1,1,4,2,4,Enrolled
2,4,3,4,0,2,0,4,4,4,3,0,3,1,1,4,4,26,1,3,1,4,2,0,1,1,4,2,4,3,2,1,4,4,Enrolled
4,2,3,2,2,2,3,2,0,3,2,0,2,3,2,1,0,41,2,0,2,3,0,3,1,4,1,0,3,2,2,2,3,4,Dropout
1,1,2,1,4,1,4,1,3,2,3,2,3,3,0,0,0,21,4,2,1,0,1,1,2,0,0,1,2,2,3,1,0,1,Dropout
0,3,1,2,4,2,0,1,0,4,4,0,2,2,3,0,2,38,2,4,1,3,1,2,4,1,3,0,3,3,2,3,4,1,Dropout
4,1,1,4,2,3,2,2,3,3,1,1,3,1,2,3,3,46,1,3,3,2,1,4,2,4,0,3,2,1,2,2,3,3,Enrolled
4,1,3,1,0,4,4,3,1,1,3,2,0,1,2,4,1,31,2,4,4,0,0,3,0,1,0,0,2,4,3,4,4,0,Graduate
1,0,3,3,2,4,3,1,2,3,2,1,0,1,2,1,2,43,2,4,0,4,1,2,3,0,3,1,2,3,1,2,3,3,Enrolled
4,4,1,0,3,2,4,1,2,1,4,3,3,2,4,4,0,36,3,0,2,3,3,0,3,1,0,4,2,3,0,4,0,1,Enrolled
3,4,1,4,2,3,4,4,1,1,1,4,1,3,0,2,2,35,3,0,1,1,2,1,1,3,3,0,3,0,4,4,4,1,Graduate
1,3,1,4,4,0,2,4,4,0,3,3,0,3,3,4,4,45,2,3,4,4,0,3,3,2,3,3,1,2,3,0,2,2,Graduate
0,0,0,2,1,0,0,0,3,3,2,2,4,0,0,2,3,45,0,1,1,3,2,1,2,4,2,1,1,4,1,4,4,2,Graduate
0,3,3,3,3,4,4,0,0,0,3,4,4,3,0,0,1,48,2,1,2,1,4,2,1,4,4,3,0,4,2,4,3,4,Graduate
2,2,3,3,2,3,0,1,2,0,1,2,3,1,4,4,1,29,4,4,0,2,2,4,1,3,1,2,4,4,0,4,1,2,Enrolled
3,0,2,4,2,4,4,1,0,4,4,4,1,2,0,4,0,38,2,1,3,0,0,3,4,1,1,1,4,2,2,0,0,0,Graduate
3,4,2,4,0,3,3,2,0,1,0,2,4,0,0,4,2,49,1,2,0,2,3,2,1,4,4,2,4,4,0,2,4,3,Enrolled
0,3,4,0,3,0,2,3,0,0,4,4,0,3,2,3,1,21,4,0,3,2,3,2,3,2,0,1,0,0,0,0,3,3,Enrolled
4,0,1,3,0,2,4,2,4,3,3,1,2,2,2,0,1,40,1,4,1,0,1,1,4,0,4,4,4,1,1,1,2,1,Dropout
3,0,1,4,4,1,2,1,2,2,3,0,2,4,3,4,4,43,4,0,4,4,3,4,2,4,3,4,3,0,3,4,0,3,Dropout
3,1,4,0,4,2,0,4,0,3,0,2,0,3,1,1,4,30,4,1,3,3,4,3,3,3,3,1,1,1,1,0,0,0,Graduate
4,0,3,2,0,3,4,0,0,1,3,3,1,2,3,0,0,43,1,2,1,2,4,1,3,3,1,2,2,2,3,0,2,2,Enrolled
1,0,1,3,3,4,3,3,2,4,4,3,3,1,3,4,2,34,2,2,2,4,2,1,3,2,2,2,4,3,1,2,2,2,Dropout
4,4,2,1,0,4,1,4,0,3,1,2,0,4,2,1,4,48,4,3,2,1,4,2,2,3,0,3,0,3,0,2,3,0,Graduate
2,2,0,1,0,0,0,1,3,3,4,1,2,0,0,3,2,39,0,4,4,2,0,2,4,1,4,1,0,4,1,2,4,2,Graduate
2,3,3,4,3,0,2,3,2,0,4,2,3,0,4,1,0,26,1,2,4,4,1,2,4,4,3,2,3,4,4,3,0,4,Dropout
0,2,0,4,4,2,0,3,0,3,4,4,1,1,3,0,3,23,1,4,2,4,4,0,3,4,3,1,2,2,3,2,1,3,Enrolled
1,0,0,0,1,2,3,0,4,1,1,0,4,2,1,0,0,26,2,4,2,3,1,3,1,4,2,4,2,3,3,4,2,2,Dropout
3,4,4,4,0,1,2,3,3,2,3,1,2,4,3,2,3,19,2,4,3,2,1,3,1,1,3,2,0,1,1,0,2,3,Graduate
0,4,0,4,0,3,2,1,1,0,4,0,1,3,0,2,4,44,4,0,4,0,2,4,3,1,4,2,4,2,0,1,0,0,Graduate
0,4,1,0,2,2,2,0,4,3,1,3,0,1,3,2,1,47,1,4,2,3,0,0,1,4,1,4,3,3,0,1,2,2,Dropout
3,4,4,1,3,2,1,1,1,2,3,0,1,1,0,3,0,25,2,1,3,0,2,4,2,4,1,3,3,1,2,1,2,4,Dropout
3,1,2,0,2,0,1,3,1,3,1,0,1,1,0,0,2,33,1,2,1,0,4,4,4,3,0,1,2,4,1,4,4,4,Graduate
4,0,0,3,4,3,2,1,0,4,1,2,3,1,4,3,2,27,0,0,4,4,4,0,2,0,4,1,3,4,2,0,3,0,Graduate
2,1,1,3,2,0,1,4,3,1,4,3,2,3,4,0,3,26,1,2,4,0,1,0,3,1,3,1,1,3,0,3,3,4,Dropout
3,1,1,4,3,1,2,3,0,4,0,0,2,1,3,2,2,47,4,1,2,0,3,0,1,3,3,1,2,1,2,3,2,0,Graduate
4,0,2,4,0,2,3,2,4,0,4,4,1,0,4,2,4,20,0,0,2,3,1,4,3,4,4,0,0,2,3,2,1,4,Graduate
2,4,4,1,0,2,2,2,1,2,1,0,0,0,1,1,3,23,0,3,2,2,0,3,2,4,1,4,3,3,3,3,2,2,Dropout
1,3,4,1,1,2,1,4,0,4,1,2,1,1,2,2,1,38,3,1,2,3,3,4,4,4,3,3,2,3,4,0,1,3,Dropout
1,4,4,2,4,4,3,2,4,3,1,1,0,2,3,2,0,23,2,3,0,4,3,1,0,0,3,4,4,0,3,2,1,3,Graduate
1,4,2,3,0,3,3,2,4,4,2,1,3,0,4,4,3,29,0,2,2,2,3,2,3,1,4,1,4,0,4,4,1,1,Graduate
3,1,2,3,2,0,1,0,1,2,4,1,2,4,1,0,4,28,3,1,1,3,4,3,3,4,0,0,1,0,0,1,1,3,Enrolled
2,2,2,2,1,0,2,1,0,3,0,4,2,2,2,2,3,31,4,3,2,2,0,1,3,3,4,0,0,3,4,1,0,4,Enrolled
2,4,4,2,1,0,1,3,3,0,3,0,2,1,1,4,4,26,2,3,2,1,4,3,3,2,3,4,4,1,1,2,2,1,Enrolled
1,0,0,3,4,1,0,2,4,4,0,3,2,3,3,4,3,31,1,0,1,3,1,1,4,2,4,2,2,2,1,2,0,1,Dropout
0,0,2,4,1,4,1,3,0,1,0,0,3,2,2,4,3,20,1,0,3,2,1,2,4,0,4,3,3,2,3,2,1,2,Graduate
2,0,2,3,3,1,3,4,3,2,2,1,1,4,4,2,1,41,1,2,1,0,1,2,2,1,0,0,4,4,4,0,4,2,Dropout
2,1,4,2,2,3,2,2,1,1,1,1,2,2,0,3,3,33,0,1,4,1,1,3,0,1,1,1,4,3,1,2,3,2,Enrolled
4,3,2,1,1,0,4,0,3,3,0,3,4,0,4,3,4,45,2,3,1,0,4,4,3,0,4,2,1,0,4,0,2,4,Enrolled
1,3,0,0,0,0,2,3,1,1,1,0,0,0,0,0,3,47,4,1,4,1,3,1,2,2,4,3,3,2,0,2,2,4,Dropout
0,3,4,1,2,0,3,4,4,2,4,1,0,3,1,3,2,46,3,4,0,4,0,2,4,2,0,1,3,1,2,0,0,4,Graduate
4,4,2,1,4,2,2,0,2,2,1,3,2,2,0,2,1,40,2,2,1,2,2,1,1,4,3,4,4,1,1,0,1,3,Enrolled
0,4,2,2,1,2,3,1,2,1,1,2,0,3,0,0,4,27,3,2,3,1,2,0,4,3,2,0,3,3,4,3,1,0,Dropout
0,2,3,3,2,0,4,4,4,1,4,1,0,2,1,0,0,28,3,0,0,2,1,4,4,4,2,4,0,1,1,3,0,2,Graduate
0,2,3,2,0,0,1,0,3,3,4,2,3,1,1,0,3,26,1,3,2,4,4,4,1,1,3,2,0,4,1,2,2,1,Graduate
3,2,1,2,1,2,0,3,2,1,0,0,0,2,0,1,4,21,0,1,3,1,1,3,1,4,3,0,4,3,0,2,0,1,Enrolled
2,1,1,4,4,1,2,0,1,2,2,4,3,2,0,2,2,44,0,3,1,2,4,1,2,1,3,1,4,3,1,0,3,1,Graduate
2,3,2,4,4,4,4,4,4,1,3,0,0,1,3,2,3,20,4,2,1,3,3,1,0,4,1,2,0,4,2,0,2,0,Graduate
4,4,3,0,4,1,2,1,0,0,4,4,3,4,4,3,2,28,4,3,3,2,0,2,0,3,1,3,3,4,1,3,1,4,Enrolled
0,2,1,4,1,4,0,1,2,2,4,3,0,0,2,3,3,26,1,2,2,2,1,0,4,4,0,1,1,1,0,4,4,4,Dropout
0,1,4,0,1,2,0,4,3,2,3,4,4,2,1,2,3,36,3,4,2,2,0,0,1,4,3,3,1,0,3,1,4,4,Dropout
2,2,3,1,1,0,0,3,4,3,1,3,1,3,1,1,0,47,1,3,0,0,3,1,4,4,4,0,1,2,0,1,2,1,Enrolled
0,4,0,1,0,0,4,1,2,3,4,1,3,1,0,4,0,32,0,2,3,1,2,2,0,1,3,3,3,3,0,4,2,0,Graduate
0,2,0,2,4,0,0,2,2,4,3,0,4,4,1,1,2,47,0,3,4,2,1,4,0,4,3,0,1,3,4,4,1,3,Enrolled
0,1,0,1,2,1,0,2,4,3,0,3,1,0,4,1,1,20,1,3,3,4,2,3,3,2,4,3,0,2,4,1,4,0,Graduate
1,1,0,4,2,0,0,1,0,0,2,0,1,0,3,3,3,47,2,1,2,2,0,4,0,2,0,4,3,1,3,3,0,0,Enrolled
1,2,3,4,1,4,0,3,4,3,4,0,4,3,3,1,0,46,0,3,2,2,0,0,3,3,3,4,0,2,2,1,0,2,Enrolled
1,4,4,4,4,0,4,3,0,4,3,3,2,4,0,3,1,18,4,3,0,3,2,0,4,0,4,2,3,0,1,4,0,3,Dropout
4,1,0,3,4,2,2,3,4,2,4,3,2,3,0,3,2,32,2,3,3,3,3,1,2,4,2,3,1,1,0,1,0,0,Enrolled
0,3,4,4,1,0,4,3,1,3,1,4,3,0,2,0,4,47,1,2,1,3,0,0,0,4,2,0,1,3,3,1,4,3,Dropout
1,1,1,2,0,1,4,3,1,4,4,1,2,2,4,1,0,28,2,2,4,0,4,2,3,1,4,1,4,2,2,4,4,0,Enrolled
1,0,1,2,2,1,0,0,4,3,4,1,3,1,1,1,3,37,3,3,3,4,0,4,2,0,3,0,2,2,1,3,1,3,Dropout
3,2,2,1,2,2,1,1,0,3,1,2,4,1,0,1,0,49,2,4,4,1,0,1,2,0,1,4,0,1,4,1,2,3,Graduate
4,3,3,0,3,3,2,4,2,2,4,4,2,3,2,2,3,24,1,3,3,4,4,2,4,4,1,1,1,3,3,2,4,3,Graduate
1,4,0,3,1,1,2,2,4,4,1,4,2,2,3,4,0,41,3,3,2,3,0,2,1,4,3,3,3,2,0,2,4,2,Graduate
1,3,4,0,2,3,1,1,2,3,3,0,0,0,1,4,2,48,4,2,4,4,3,3,2,4,4,4,4,4,3,1,2,4,Enrolled
1,1,4,3,2,2,2,2,4,2,2,0,0,1,3,2,2,19,4,0,3,0,4,0,4,0,0,3,0,2,1,4,3,0,Dropout
3,1,3,2,0,0,0,1,3,4,2,3,1,1,3,1,2,43,0,0,1,2,0,0,1,2,1,4,1,2,0,2,0,2,Dropout
3,0,1,2,1,3,0,1,0,1,3,2,0,3,4,3,2,24,2,3,2,3,4,2,2,1,2,3,4,0,0,1,4,0,Enrolled
4,3,3,3,1,2,0,2,3,4,0,0,4,4,0,2,2,46,1,4,1,1,0,1,4,2,0,4,1,0,2,4,4,0,Dropout
0,1,4,1,2,3,0,3,3,3,0,4,3,1,0,3,3,42,4,1,0,0,0,2,4,4,2,2,1,2,0,2,0,1,Enrolled
0,4,3,4,2,3,3,2,0,3,2,2,3,3,0,2,3,21,4,2,0,4,1,2,3,0,3,0,1,2,1,3,4,1,Dropout
4,4,1,4,4,0,0,2,4,4,3,4,0,0,3,1,4,26,2,1,0,1,0,0,4,2,0,0,4,0,1,4,2,2,Enrolled
0,3,1,0,3,1,3,2,0,2,4,4,0,1,2,1,2,43,1,1,2,1,1,4,2,0,3,3,2,4,1,2,4,0,Dropout
2,3,0,2,2,3,2,3,0,4,3,4,3,3,4,2,1,37,1,4,1,3,0,0,2,4,1,3,1,3,0,0,1,2,Graduate
0,0,0,4,1,4,2,1,1,3,1,1,1,4,4,1,3,27,3,4,3,2,3,3,0,2,3,1,0,1,4,0,4,4,Dropout
3,3,0,2,4,0,3,4,1,3,3,4,2,2,3,0,3,48,4,0,2,0,2,3,2,0,1,1,4,2,3,4,0,4,Enrolled
3,4,1,2,0,4,2,4,2,0,0,1,1,1,0,2,4,27,2,2,3,4,1,1,1,3,1,0,1,3,1,2,2,1,Dropout
1,3,4,2,1,0,4,1,0,2,4,0,4,3,2,1,3,32,4,0,2,4,2,4,0,2,4,0,4,2,2,3,4,1,Dropout
3,1,0,4,4,0,1,2,3,0,4,4,4,2,0,3,0,34,2,4,4,0,2,2,4,1,3,2,0,0,2,4,3,2,Dropout
2,1,3,4,1,1,4,1,3,3,2,3,2,4,4,4,3,44,0,4,0,0,3,4,0,0,0,3,0,2,0,4,2,4,Enrolled
2,3,4,4,1,4,3,0,1,2,1,3,2,1,2,4,0,39,2,2,0,1,3,0,1,4,0,3,3,3,0,3,2,4,Enrolled
2,2,2,3,1,3,1,1,0,2,4,1,1,3,1,1,4,46,1,2,4,2,3,0,0,4,4,0,3,1,2,1,3,2,Dropout
1,3,0,4,2,0,3,0,4,2,2,1,3,2,1,3,0,21,0,3,1,2,2,2,1,2,3,3,2,0,0,1,4,4,Enrolled
0,0,2,2,2,4,0,4,1,4,4,2,2,0,3,3,1,31,2,3,0,3,0,2,4,4,4,1,3,4,2,3,1,1,Enrolled
1,4,0,2,3,4,1,4,1,4,0,4,1,0,1,4,3,38,4,1,0,4,4,3,0,3,1,3,4,2,3,3,0,2,Graduate
3,4,4,0,0,1,3,4,3,3,4,4,1,3,4,0,1,45,3,2,1,4,3,0,2,1,3,1,3,1,4,2,2,3,Dropout
2,3,2,1,0,4,0,2,4,2,0,4,3,2,4,0,2,25,4,2,1,0,1,0,2,2,0,4,4,3,1,3,1,3,Graduate
1,2,1,3,2,3,2,0,4,2,3,4,1,0,1,2,4,35,0,0,4,3,0,3,1,2,1,3,4,0,3,0,0,3,Enrolled
1,4,0,0,1,4,3,0,3,2,0,2,4,1,3,2,4,45,0,0,0,2,3,1,1,4,4,4,2,1,0,0,0,4,Dropout
2,2,3,3,1,1,1,0,3,4,0,0,3,3,3,3,3,29,0,3,4,2,3,1,1,0,4,0,4,4,3,1,4,1,Enrolled
4,4,2,3,4,0,2,1,3,3,0,1,0,4,2,4,3,47,2,1,2,2,3,3,4,4,4,3,3,2,4,0,1,1,Graduate
2,1,3,2,4,4,3,2,4,2,4,1,1,1,1,1,4,26,1,4,1,3,4,0,1,0,3,2,3,0,2,0,2,4,Graduate
4,0,2,2,4,4,3,4,4,2,1,3,2,3,1,2,3,46,0,3,1,3,0,0,2,4,4,2,1,1,2,2,2,1,Graduate
2,4,4,2,0,2,2,1,1,1,0,4,2,0,4,0,0,46,1,0,0,0,3,1,2,0,1,4,2,3,2,1,4,2,Enrolled
0,3,3,2,0,3,0,2,2,0,2,1,3,4,1,3,0,29,0,4,3,1,0,2,1,0,3,2,0,3,0,2,2,2,Dropout
4,1,0,0,4,3,1,4,1,4,4,3,2,1,0,2,0,20,3,1,4,3,0,2,3,3,3,1,0,4,4,4,0,4,Dropout
4,2,1,1,4,3,0,0,0,1,1,2,2,2,3,3,4,36,4,0,1,2,2,3,1,3,1,0,1,2,4,0,4,1,Graduate
1,0,4,1,4,4,1,0,2,3,1,3,0,4,3,1,4,39,2,3,1,3,0,2,3,3,0,1,3,4,0,0,0,4,Dropout
4,2,2,0,0,3,2,0,4,0,4,4,2,0,2,2,1,31,3,3,0,1,4,1,0,4,3,0,2,1,1,2,0,1,Dropout
3,2,0,1,2,3,0,3,1,3,2,3,3,4,1,4,2,22,3,1,0,3,4,4,0,1,1,2,3,0,2,4,3,1,Graduate
1,4,2,4,1,2,4,0,4,4,3,4,3,0,3,1,3,29,1,3,3,2,4,3,2,3,3,0,1,0,3,0,3,2,Dropout
1,1,3,4,2,1,4,4,2,3,4,2,4,3,1,0,4,23,3,1,2,0,4,0,0,2,0,1,0,1,3,3,4,2,Graduate
0,0,3,4,0,1,3,1,4,2,1,2,1,1,4,3,1,22,2,2,2,3,3,4,0,1,0,4,2,0,3,2,0,2,Enrolled
1,1,1,2,0,0,0,1,1,2,3,2,1,3,3,1,2,41,0,0,0,2,0,1,0,2,2,4,3,1,1,1,4,0,Enrolled
1,1,3,4,4,2,3,3,2,3,1,3,1,4,1,1,0,26,4,2,3,3,2,0,4,3,3,3,4,4,0,4,3,4,Enrolled
3,4,4,3,2,4,0,3,1,3,0,4,3,3,1,1,3,35,2,2,0,0,3,2,4,2,3,1,4,2,0,0,4,3,Graduate
1,2,2,3,0,0,1,4,1,3,3,1,2,1,2,3,4,42,4,3,2,4,1,3,1,4,1,1,4,3,2,0,1,1,Dropout
4,1,2,0,3,3,1,2,4,3,4,4,1,4,3,4,1,43,3,4,4,2,3,2,3,2,1,4,0,3,1,1,4,0,Graduate
0,2,4,3,2,0,2,3,2,2,4,3,2,3,0,3,0,45,2,3,1,2,3,3,2,1,2,2,4,3,3,0,1,2,Enrolled
3,1,3,0,2,1,4,3,4,1,2,2,2,3,3,3,2,41,1,0,1,3,3,1,4,3,1,4,4,0,0,3,4,4,Dropout
2,0,3,1,0,0,4,4,2,1,3,0,4,3,4,0,1,45,4,3,3,4,3,1,4,2,0,3,1,4,1,3,1,1,Dropout
2,3,4,3,1,0,2,1,0,3,2,1,1,2,1,3,2,34,1,0,2,2,2,0,2,2,4,3,1,4,4,4,1,1,Dropout
2,3,1,3,0,2,2,4,0,3,4,4,3,4,3,3,4,41,4,4,3,2,4,3,4,2,3,1,1,3,1,3,1,0,Dropout
3,3,0,0,2,3,2,0,2,0,2,4,3,1,1,4,1,40,3,4,3,4,0,4,2,2,2,1,3,4,2,4,1,2,Enrolled
2,4,0,3,3,4,2,2,4,3,3,0,4,4,2,3,3,18,4,4,3,3,4,2,1,1,3,3,4,1,3,4,2,3,Graduate
4,4,3,0,2,4,0,3,3,1,4,2,1,4,2,3,0,31,0,0,1,2,2,3,1,0,2,1,0,3,0,2,2,1,Dropout
2,2,0,3,0,2,2,2,2,4,1,0,2,3,3,3,1,36,0,4,3,2,2,4,0,4,4,0,4,3,0,0,4,2,Dropout
2,4,0,2,4,2,3,4,1,4,4,2,1,0,2,3,4,23,4,2,2,0,3,2,2,3,2,3,4,2,4,0,3,0,Dropout
0,3,0,1,1,4,2,1,0,3,2,4,3,3,1,0,4,18,4,3,2,1,3,1,2,0,2,3,3,3,4,3,0,4,Enrolled
2,4,3,3,2,0,0,2,2,3,2,2,3,0,4,0,2,22,3,3,4,2,0,1,1,4,4,1,1,0,4,0,2,4,Enrolled
2,3,2,1,3,3,4,3,2,4,4,1,3,2,3,3,2,23,0,0,2,2,3,0,4,2,1,0,4,1,2,4,1,0,Graduate
1,1,3,3,3,4,4,0,2,0,0,3,2,2,4,3,3,19,1,1,1,2,0,1,2,0,0,3,2,4,3,4,2,3,Graduate
4,3,3,3,3,0,4,2,1,1,0,3,3,0,2,0,4,40,2,1,2,0,2,1,2,4,2,0,2,0,4,1,1,4,Dropout
3,3,1,2,1,0,0,4,4,3,0,2,1,3,2,0,4,40,1,3,0,4,0,1,4,4,0,3,1,1,3,0,3,0,Enrolled
0,0,1,4,2,1,2,4,3,3,1,4,2,3,1,3,4,44,2,1,3,1,0,3,1,0,2,0,1,2,3,0,2,4,Dropout
3,0,3,4,4,2,1,2,1,0,1,4,1,4,3,3,0,31,2,1,4,0,1,0,2,2,4,4,4,3,4,3,0,0,Enrolled
2,0,4,1,0,4,4,4,3,1,1,2,0,4,3,4,0,39,2,1,0,1,3,3,2,2,0,3,2,4,3,3,0,4,Enrolled
1,0,4,1,2,4,4,2,0,3,4,0,0,2,0,0,4,23,4,0,2,3,4,4,4,3,3,0,0,3,0,2,2,3,Graduate
2,3,1,2,2,3,1,2,3,1,4,0,2,4,1,0,0,31,0,2,2,2,1,1,0,4,0,4,0,0,3,3,2,0,Graduate
2,2,1,0,4,4,2,1,3,1,3,0,3,4,3,0,4,39,3,4,3,4,1,4,4,3,4,1,2,3,3,4,0,3,Enrolled
0,0,2,1,1,0,4,4,0,4,0,4,3,4,4,2,2,30,3,0,3,1,1,4,4,2,1,2,1,1,0,4,3,3,Dropout
0,4,1,4,0,0,2,1,1,3,3,2,2,2,2,1,2,46,3,2,1,2,4,3,0,4,1,0,3,3,0,0,4,1,Enrolled
3,4,0,2,0,3,3,4,1,4,0,2,1,4,4,0,0,26,0,4,4,4,4,1,2,3,0,4,3,3,1,1,2,0,Enrolled
2,4,3,0,0,0,1,1,0,1,2,4,0,0,2,2,2,28,4,4,1,2,1,3,0,3,4,3,0,2,1,0,2,3,Enrolled
3,3,3,2,2,0,0,0,1,3,3,2,3,1,1,1,2,29,3,0,2,2,2,2,3,3,1,4,1,3,4,1,0,1,Graduate
2,1,3,4,4,4,2,4,4,2,4,1,3,1,3,1,3,29,4,3,4,4,1,2,0,4,1,2,4,2,2,3,0,1,Enrolled
0,1,2,2,4,2,1,1,3,2,2,0,0,4,2,0,3,42,1,0,4,2,0,1,1,1,1,2,2,0,3,2,0,3,Enrolled
1,0,2,3,1,4,1,0,1,0,3,2,2,4,1,1,4,19,0,4,1,3,0,4,2,1,0,2,0,2,3,2,0,2,Graduate
3,4,0,4,4,1,1,0,3,4,2,4,2,4,4,2,1,26,1,1,2,0,4,3,3,2,1,1,3,2,2,2,2,0,Graduate
3,0,3,0,4,3,0,0,1,1,2,2,2,0,2,0,1,35,0,1,2,1,0,4,3,4,4,0,3,0,4,3,1,0,Enrolled
4,3,0,2,0,0,4,1,3,2,2,4,3,2,3,3,3,30,4,3,1,4,3,2,0,4,4,3,4,2,3,1,0,2,Enrolled
4,4,1,4,1,4,3,0,0,3,4,2,1,1,4,3,4,20,4,0,4,0,3,3,3,0,3,0,4,3,1,0,3,0,Dropout
1,0,3,4,4,4,4,3,0,1,2,3,4,3,1,3,3,45,1,4,4,1,1,3,2,3,1,0,3,0,3,2,3,3,Graduate
4,2,0,0,4,0,2,4,0,0,4,1,2,4,4,2,2,49,0,1,0,4,3,3,2,2,3,1,1,0,0,0,2,1,Enrolled
1,3,2,4,4,3,1,3,4,1,1,3,4,3,2,2,4,47,3,2,1,4,3,1,4,4,3,3,3,2,3,2,0,1,Graduate
2,3,2,0,4,4,4,3,4,0,2,2,1,0,0,1,4,31,3,1,2,3,1,1,4,0,1,1,2,2,3,1,4,2,Graduate
4,3,2,4,0,2,0,4,0,1,0,4,3,2,0,2,1,46,2,3,0,4,3,1,1,0,3,3,1,1,0,3,0,3,Graduate
4,2,0,2,2,0,0,3,3,3,4,2,4,3,3,0,1,42,1,0,1,3,2,3,0,4,1,4,4,0,1,1,2,3,Enrolled
